GAME_ID,GAME_DATE,GAME_TIME,HOME_TEAM,AWAY_TEAM,ARENA,CITY,STATE_OR_COUNTRY,GAME_DATE_EST,GAME_TIME_EST,GAME_DATETIME_EST,GAME_DATE_UTC,GAME_TIME_UTC,GAME_DATETIME_UTC,GAME_STATUS,GAME_STATUS_TEXT,GAME_SUBTYPE,GAME_LABEL,GAME_SUB_LABEL,IS_NEUTRAL
0022600001,2026-10-20,3:00 pm ET,DET,BOS,Little Caesars Arena,Detroit,MI,2026-10-20,1900-01-01T15:00:00Z,2026-10-20T15:00:00Z,2026-10-20T04:00:00Z,1900-01-01T19:00:00Z,2026-10-20T19:00:00Z,1,3:00 pm ET,,,,False
0022600002,2026-10-20,7:00 pm ET,NYK,PHI,Madison Square Garden,New York,NY,2026-10-20,1900-01-01T19:00:00Z,2026-10-20T19:00:00Z,2026-10-20T04:00:00Z,1900-01-01T23:00:00Z,2026-10-20T23:00:00Z,1,7:00 pm ET,,,,False
0022600003,2026-10-20,9:30 pm ET,SAS,OKC,Frost Bank Center,San Antonio,TX,2026-10-20,1900-01-01T21:30:00Z,2026-10-20T21:30:00Z,2026-10-20T04:00:00Z,1900-01-01T01:30:00Z,2026-10-21T01:30:00Z,1,9:30 pm ET,,,,False
0022600085,2026-10-21,7:00 pm ET,ORL,ATL,Kia Center,Orlando,FL,2026-10-21,1900-01-01T19:00:00Z,2026-10-21T19:00:00Z,2026-10-21T04:00:00Z,1900-01-01T23:00:00Z,2026-10-21T23:00:00Z,1,7:00 pm ET,,,,False
0022600086,2026-10-21,7:00 pm ET,WAS,MIL,Capital One Arena,Washington,DC,2026-10-21,1900-01-01T19:00:00Z,2026-10-21T19:00:00Z,2026-10-21T04:00:00Z,1900-01-01T23:00:00Z,2026-10-21T23:00:00Z,1,7:00 pm ET,,,,False
0022600004,2026-10-21,7:30 pm ET,MIA,MIN,Kaseya Center,Miami,FL,2026-10-21,1900-01-01T19:30:00Z,2026-10-21T19:30:00Z,2026-10-21T04:00:00Z,1900-01-01T23:30:00Z,2026-10-21T23:30:00Z,1,7:30 pm ET,,,,False
0022600087,2026-10-21,7:30 pm ET,BKN,CHA,Barclays Center,Brooklyn,NY,2026-10-21,1900-01-01T19:30:00Z,2026-10-21T19:30:00Z,2026-10-21T04:00:00Z,1900-01-01T23:30:00Z,2026-10-21T23:30:00Z,1,7:30 pm ET,,,,False
0022600088,2026-10-21,7:30 pm ET,TOR,CHI,Scotiabank Arena,Toronto,ON,2026-10-21,1900-01-01T19:30:00Z,2026-10-21T19:30:00Z,2026-10-21T04:00:00Z,1900-01-01T23:30:00Z,2026-10-21T23:30:00Z,1,7:30 pm ET,,,,False
0022600089,2026-10-21,8:00 pm ET,MEM,UTA,FedExForum,Memphis,TN,2026-10-21,1900-01-01T20:00:00Z,2026-10-21T20:00:00Z,2026-10-21T04:00:00Z,1900-01-01T00:00:00Z,2026-10-22T00:00:00Z,1,8:00 pm ET,,,,False
0022600090,2026-10-21,8:00 pm ET,NOP,IND,Smoothie King Center,New Orleans,LA,2026-10-21,1900-01-01T20:00:00Z,2026-10-21T20:00:00Z,2026-10-21T04:00:00Z,1900-01-01T00:00:00Z,2026-10-22T00:00:00Z,1,8:00 pm ET,,,,False
0022600091,2026-10-21,8:30 pm ET,HOU,DAL,Toyota Center,Houston,TX,2026-10-21,1900-01-01T20:30:00Z,2026-10-21T20:30:00Z,2026-10-21T04:00:00Z,1900-01-01T00:30:00Z,2026-10-22T00:30:00Z,1,8:30 pm ET,,,,False
0022600005,2026-10-21,10:00 pm ET,LAL,GSW,Crypto.com Arena,Los Angeles,CA,2026-10-21,1900-01-01T22:00:00Z,2026-10-21T22:00:00Z,2026-10-21T04:00:00Z,1900-01-01T02:00:00Z,2026-10-22T02:00:00Z,1,10:00 pm ET,,,,False
0022600092,2026-10-21,10:00 pm ET,POR,PHX,Moda Center,Portland,OR,2026-10-21,1900-01-01T22:00:00Z,2026-10-21T22:00:00Z,2026-10-21T04:00:00Z,1900-01-01T02:00:00Z,2026-10-22T02:00:00Z,1,10:00 pm ET,,,,False
0022600093,2026-10-21,10:30 pm ET,LAC,SAC,Intuit Dome,Inglewood,CA,2026-10-21,1900-01-01T22:30:00Z,2026-10-21T22:30:00Z,2026-10-21T04:00:00Z,1900-01-01T02:30:00Z,2026-10-22T02:30:00Z,1,10:30 pm ET,,,,False
0022600006,2026-10-22,7:00 pm ET,PHI,CLE,Xfinity Mobile Arena,Philadelphia,PA,2026-10-22,1900-01-01T19:00:00Z,2026-10-22T19:00:00Z,2026-10-22T04:00:00Z,1900-01-01T23:00:00Z,2026-10-22T23:00:00Z,1,7:00 pm ET,,,,False
0022600007,2026-10-22,9:30 pm ET,OKC,DEN,Paycom Center,Oklahoma City,OK,2026-10-22,1900-01-01T21:30:00Z,2026-10-22T21:30:00Z,2026-10-22T04:00:00Z,1900-01-01T01:30:00Z,2026-10-23T01:30:00Z,1,9:30 pm ET,,,,False
0022600008,2026-10-23,7:00 pm ET,BOS,NYK,TD Garden,Boston,MA,2026-10-23,1900-01-01T19:00:00Z,2026-10-23T19:00:00Z,2026-10-23T04:00:00Z,1900-01-01T23:00:00Z,2026-10-23T23:00:00Z,1,7:00 pm ET,,,,False
0022600094,2026-10-23,7:00 pm ET,CHA,ATL,Spectrum Center,Charlotte,NC,2026-10-23,1900-01-01T19:00:00Z,2026-10-23T19:00:00Z,2026-10-23T04:00:00Z,1900-01-01T23:00:00Z,2026-10-23T23:00:00Z,1,7:00 pm ET,,,,False
0022600095,2026-10-23,7:00 pm ET,IND,DAL,Gainbridge Fieldhouse,Indianapolis,IN,2026-10-23,1900-01-01T19:00:00Z,2026-10-23T19:00:00Z,2026-10-23T04:00:00Z,1900-01-01T23:00:00Z,2026-10-23T23:00:00Z,1,7:00 pm ET,,,,False
0022600096,2026-10-23,7:00 pm ET,ORL,MIN,Kia Center,Orlando,FL,2026-10-23,1900-01-01T19:00:00Z,2026-10-23T19:00:00Z,2026-10-23T04:00:00Z,1900-01-01T23:00:00Z,2026-10-23T23:00:00Z,1,7:00 pm ET,,,,False
0022600097,2026-10-23,7:00 pm ET,WAS,TOR,Capital One Arena,Washington,DC,2026-10-23,1900-01-01T19:00:00Z,2026-10-23T19:00:00Z,2026-10-23T04:00:00Z,1900-01-01T23:00:00Z,2026-10-23T23:00:00Z,1,7:00 pm ET,,,,False
0022600098,2026-10-23,8:00 pm ET,MIA,DET,Kaseya Center,Miami,FL,2026-10-23,1900-01-01T20:00:00Z,2026-10-23T20:00:00Z,2026-10-23T04:00:00Z,1900-01-01T00:00:00Z,2026-10-24T00:00:00Z,1,8:00 pm ET,,,,False
0022600099,2026-10-23,8:00 pm ET,MIL,CHI,Fiserv Forum,Milwaukee,WI,2026-10-23,1900-01-01T20:00:00Z,2026-10-23T20:00:00Z,2026-10-23T04:00:00Z,1900-01-01T00:00:00Z,2026-10-24T00:00:00Z,1,8:00 pm ET,,,,False
0022600009,2026-10-23,9:30 pm ET,SAS,HOU,Moody Center,Austin,TX,2026-10-23,1900-01-01T21:30:00Z,2026-10-23T21:30:00Z,2026-10-23T04:00:00Z,1900-01-01T01:30:00Z,2026-10-24T01:30:00Z,1,9:30 pm ET,,,,False
0022600100,2026-10-23,9:30 pm ET,UTA,NOP,Delta Center,Salt Lake City,UT,2026-10-23,1900-01-01T21:30:00Z,2026-10-23T21:30:00Z,2026-10-23T04:00:00Z,1900-01-01T01:30:00Z,2026-10-24T01:30:00Z,1,9:30 pm ET,,,,False
0022600101,2026-10-23,10:00 pm ET,GSW,MEM,Chase Center,San Francisco,CA,2026-10-23,1900-01-01T22:00:00Z,2026-10-23T22:00:00Z,2026-10-23T04:00:00Z,1900-01-01T02:00:00Z,2026-10-24T02:00:00Z,1,10:00 pm ET,,,,False
0022600102,2026-10-23,10:00 pm ET,LAL,LAC,Crypto.com Arena,Los Angeles,CA,2026-10-23,1900-01-01T22:00:00Z,2026-10-23T22:00:00Z,2026-10-23T04:00:00Z,1900-01-01T02:00:00Z,2026-10-24T02:00:00Z,1,10:00 pm ET,,,,False
0022600103,2026-10-23,10:00 pm ET,SAC,POR,Golden 1 Center,Sacramento,CA,2026-10-23,1900-01-01T22:00:00Z,2026-10-23T22:00:00Z,2026-10-23T04:00:00Z,1900-01-01T02:00:00Z,2026-10-24T02:00:00Z,1,10:00 pm ET,,,,False
0022600104,2026-10-24,6:00 pm ET,CHA,MIA,Spectrum Center,Charlotte,NC,2026-10-24,1900-01-01T18:00:00Z,2026-10-24T18:00:00Z,2026-10-24T04:00:00Z,1900-01-01T22:00:00Z,2026-10-24T22:00:00Z,1,6:00 pm ET,,,,False
0022600105,2026-10-24,7:30 pm ET,CLE,BKN,Rocket Arena,Cleveland,OH,2026-10-24,1900-01-01T19:30:00Z,2026-10-24T19:30:00Z,2026-10-24T04:00:00Z,1900-01-01T23:30:00Z,2026-10-24T23:30:00Z,1,7:30 pm ET,,,,False
0022600106,2026-10-24,7:30 pm ET,PHI,MIL,Xfinity Mobile Arena,Philadelphia,PA,2026-10-24,1900-01-01T19:30:00Z,2026-10-24T19:30:00Z,2026-10-24T04:00:00Z,1900-01-01T23:30:00Z,2026-10-24T23:30:00Z,1,7:30 pm ET,,,,False
0022600107,2026-10-24,8:00 pm ET,ATL,HOU,State Farm Arena,Atlanta,GA,2026-10-24,1900-01-01T20:00:00Z,2026-10-24T20:00:00Z,2026-10-24T04:00:00Z,1900-01-01T00:00:00Z,2026-10-25T00:00:00Z,1,8:00 pm ET,,,,False
0022600108,2026-10-24,8:00 pm ET,CHI,WAS,United Center,Chicago,IL,2026-10-24,1900-01-01T20:00:00Z,2026-10-24T20:00:00Z,2026-10-24T04:00:00Z,1900-01-01T00:00:00Z,2026-10-25T00:00:00Z,1,8:00 pm ET,,,,False
0022600109,2026-10-24,8:00 pm ET,DAL,SAS,American Airlines Center,Dallas,TX,2026-10-24,1900-01-01T20:00:00Z,2026-10-24T20:00:00Z,2026-10-24T04:00:00Z,1900-01-01T00:00:00Z,2026-10-25T00:00:00Z,1,8:00 pm ET,,,,False
0022600110,2026-10-24,9:00 pm ET,DEN,NOP,Ball Arena,Denver,CO,2026-10-24,1900-01-01T21:00:00Z,2026-10-24T21:00:00Z,2026-10-24T04:00:00Z,1900-01-01T01:00:00Z,2026-10-25T01:00:00Z,1,9:00 pm ET,,,,False
0022600111,2026-10-24,10:00 pm ET,PHX,GSW,Mortgage Matchup Center,Phoenix,AZ,2026-10-24,1900-01-01T22:00:00Z,2026-10-24T22:00:00Z,2026-10-24T04:00:00Z,1900-01-01T02:00:00Z,2026-10-25T02:00:00Z,1,10:00 pm ET,,,,False
0022600112,2026-10-25,5:00 pm ET,UTA,LAL,Delta Center,Salt Lake City,UT,2026-10-25,1900-01-01T17:00:00Z,2026-10-25T17:00:00Z,2026-10-25T04:00:00Z,1900-01-01T21:00:00Z,2026-10-25T21:00:00Z,1,5:00 pm ET,,,,False
0022600113,2026-10-25,6:00 pm ET,BKN,IND,Barclays Center,Brooklyn,NY,2026-10-25,1900-01-01T18:00:00Z,2026-10-25T18:00:00Z,2026-10-25T04:00:00Z,1900-01-01T22:00:00Z,2026-10-25T22:00:00Z,1,6:00 pm ET,,,,False
0022600114,2026-10-25,7:00 pm ET,NYK,ORL,Madison Square Garden,New York,NY,2026-10-25,1900-01-01T19:00:00Z,2026-10-25T19:00:00Z,2026-10-25T04:00:00Z,1900-01-01T23:00:00Z,2026-10-25T23:00:00Z,1,7:00 pm ET,,,,False
0022600115,2026-10-25,7:00 pm ET,MIN,TOR,Target Center,Minneapolis,MN,2026-10-25,1900-01-01T19:00:00Z,2026-10-25T19:00:00Z,2026-10-25T04:00:00Z,1900-01-01T23:00:00Z,2026-10-25T23:00:00Z,1,7:00 pm ET,,,,False
0022600116,2026-10-25,7:00 pm ET,OKC,LAC,Paycom Center,Oklahoma City,OK,2026-10-25,1900-01-01T19:00:00Z,2026-10-25T19:00:00Z,2026-10-25T04:00:00Z,1900-01-01T23:00:00Z,2026-10-25T23:00:00Z,1,7:00 pm ET,,,,False
0022600117,2026-10-25,7:30 pm ET,PHI,DET,Xfinity Mobile Arena,Philadelphia,PA,2026-10-25,1900-01-01T19:30:00Z,2026-10-25T19:30:00Z,2026-10-25T04:00:00Z,1900-01-01T23:30:00Z,2026-10-25T23:30:00Z,1,7:30 pm ET,,,,False
0022600118,2026-10-25,9:00 pm ET,SAC,MEM,Golden 1 Center,Sacramento,CA,2026-10-25,1900-01-01T21:00:00Z,2026-10-25T21:00:00Z,2026-10-25T04:00:00Z,1900-01-01T01:00:00Z,2026-10-26T01:00:00Z,1,9:00 pm ET,,,,False
0022600119,2026-10-26,7:00 pm ET,CHA,WAS,Spectrum Center,Charlotte,NC,2026-10-26,1900-01-01T19:00:00Z,2026-10-26T19:00:00Z,2026-10-26T04:00:00Z,1900-01-01T23:00:00Z,2026-10-26T23:00:00Z,1,7:00 pm ET,,,,False
0022600120,2026-10-26,7:00 pm ET,CLE,MIN,Rocket Arena,Cleveland,OH,2026-10-26,1900-01-01T19:00:00Z,2026-10-26T19:00:00Z,2026-10-26T04:00:00Z,1900-01-01T23:00:00Z,2026-10-26T23:00:00Z,1,7:00 pm ET,,,,False
0022600121,2026-10-26,7:30 pm ET,BOS,CHI,TD Garden,Boston,MA,2026-10-26,1900-01-01T19:30:00Z,2026-10-26T19:30:00Z,2026-10-26T04:00:00Z,1900-01-01T23:30:00Z,2026-10-26T23:30:00Z,1,7:30 pm ET,,,,False
0022600122,2026-10-26,7:30 pm ET,MIA,DAL,Kaseya Center,Miami,FL,2026-10-26,1900-01-01T19:30:00Z,2026-10-26T19:30:00Z,2026-10-26T04:00:00Z,1900-01-01T23:30:00Z,2026-10-26T23:30:00Z,1,7:30 pm ET,,,,False
0022600123,2026-10-26,8:00 pm ET,MIL,IND,Fiserv Forum,Milwaukee,WI,2026-10-26,1900-01-01T20:00:00Z,2026-10-26T20:00:00Z,2026-10-26T04:00:00Z,1900-01-01T00:00:00Z,2026-10-27T00:00:00Z,1,8:00 pm ET,,,,False
0022600124,2026-10-26,8:00 pm ET,OKC,PHX,Paycom Center,Oklahoma City,OK,2026-10-26,1900-01-01T20:00:00Z,2026-10-26T20:00:00Z,2026-10-26T04:00:00Z,1900-01-01T00:00:00Z,2026-10-27T00:00:00Z,1,8:00 pm ET,,,,False
0022600125,2026-10-26,8:30 pm ET,HOU,ATL,Toyota Center,Houston,TX,2026-10-26,1900-01-01T20:30:00Z,2026-10-26T20:30:00Z,2026-10-26T04:00:00Z,1900-01-01T00:30:00Z,2026-10-27T00:30:00Z,1,8:30 pm ET,,,,False
0022600126,2026-10-26,9:00 pm ET,UTA,MEM,Delta Center,Salt Lake City,UT,2026-10-26,1900-01-01T21:00:00Z,2026-10-26T21:00:00Z,2026-10-26T04:00:00Z,1900-01-01T01:00:00Z,2026-10-27T01:00:00Z,1,9:00 pm ET,,,,False
0022600127,2026-10-26,10:00 pm ET,DEN,GSW,Ball Arena,Denver,CO,2026-10-26,1900-01-01T22:00:00Z,2026-10-26T22:00:00Z,2026-10-26T04:00:00Z,1900-01-01T02:00:00Z,2026-10-27T02:00:00Z,1,10:00 pm ET,,,,False
0022600128,2026-10-27,7:30 pm ET,BOS,BKN,TD Garden,Boston,MA,2026-10-27,1900-01-01T19:30:00Z,2026-10-27T19:30:00Z,2026-10-27T04:00:00Z,1900-01-01T23:30:00Z,2026-10-27T23:30:00Z,1,7:30 pm ET,,,,False
0022600129,2026-10-27,8:00 pm ET,NYK,DET,Madison Square Garden,New York,NY,2026-10-27,1900-01-01T20:00:00Z,2026-10-27T20:00:00Z,2026-10-27T04:00:00Z,1900-01-01T00:00:00Z,2026-10-28T00:00:00Z,1,8:00 pm ET,,,,False
0022600130,2026-10-27,8:00 pm ET,SAS,SAC,Frost Bank Center,San Antonio,TX,2026-10-27,1900-01-01T20:00:00Z,2026-10-27T20:00:00Z,2026-10-27T04:00:00Z,1900-01-01T00:00:00Z,2026-10-28T00:00:00Z,1,8:00 pm ET,,,,False
0022600131,2026-10-27,11:00 pm ET,LAL,POR,Crypto.com Arena,Los Angeles,CA,2026-10-27,1900-01-01T23:00:00Z,2026-10-27T23:00:00Z,2026-10-27T04:00:00Z,1900-01-01T03:00:00Z,2026-10-28T03:00:00Z,1,11:00 pm ET,,,,False
0022600132,2026-10-28,7:00 pm ET,ATL,MIA,State Farm Arena,Atlanta,GA,2026-10-28,1900-01-01T19:00:00Z,2026-10-28T19:00:00Z,2026-10-28T04:00:00Z,1900-01-01T23:00:00Z,2026-10-28T23:00:00Z,1,7:00 pm ET,,,,False
0022600133,2026-10-28,7:00 pm ET,CLE,WAS,Rocket Arena,Cleveland,OH,2026-10-28,1900-01-01T19:00:00Z,2026-10-28T19:00:00Z,2026-10-28T04:00:00Z,1900-01-01T23:00:00Z,2026-10-28T23:00:00Z,1,7:00 pm ET,,,,False
0022600134,2026-10-28,7:00 pm ET,DET,CHA,Little Caesars Arena,Detroit,MI,2026-10-28,1900-01-01T19:00:00Z,2026-10-28T19:00:00Z,2026-10-28T04:00:00Z,1900-01-01T23:00:00Z,2026-10-28T23:00:00Z,1,7:00 pm ET,,,,False
0022600135,2026-10-28,7:00 pm ET,IND,PHI,Gainbridge Fieldhouse,Indianapolis,IN,2026-10-28,1900-01-01T19:00:00Z,2026-10-28T19:00:00Z,2026-10-28T04:00:00Z,1900-01-01T23:00:00Z,2026-10-28T23:00:00Z,1,7:00 pm ET,,,,False
0022600136,2026-10-28,7:30 pm ET,TOR,ORL,Scotiabank Arena,Toronto,ON,2026-10-28,1900-01-01T19:30:00Z,2026-10-28T19:30:00Z,2026-10-28T04:00:00Z,1900-01-01T23:30:00Z,2026-10-28T23:30:00Z,1,7:30 pm ET,,,,False
0022600137,2026-10-28,8:00 pm ET,CHI,NYK,United Center,Chicago,IL,2026-10-28,1900-01-01T20:00:00Z,2026-10-28T20:00:00Z,2026-10-28T04:00:00Z,1900-01-01T00:00:00Z,2026-10-29T00:00:00Z,1,8:00 pm ET,,,,False
0022600138,2026-10-28,8:00 pm ET,MIL,HOU,Fiserv Forum,Milwaukee,WI,2026-10-28,1900-01-01T20:00:00Z,2026-10-28T20:00:00Z,2026-10-28T04:00:00Z,1900-01-01T00:00:00Z,2026-10-29T00:00:00Z,1,8:00 pm ET,,,,False
0022600139,2026-10-28,8:00 pm ET,MIN,GSW,Target Center,Minneapolis,MN,2026-10-28,1900-01-01T20:00:00Z,2026-10-28T20:00:00Z,2026-10-28T04:00:00Z,1900-01-01T00:00:00Z,2026-10-29T00:00:00Z,1,8:00 pm ET,,,,False
0022600140,2026-10-28,8:00 pm ET,NOP,DEN,Smoothie King Center,New Orleans,LA,2026-10-28,1900-01-01T20:00:00Z,2026-10-28T20:00:00Z,2026-10-28T04:00:00Z,1900-01-01T00:00:00Z,2026-10-29T00:00:00Z,1,8:00 pm ET,,,,False
0022600141,2026-10-28,9:00 pm ET,UTA,SAS,Delta Center,Salt Lake City,UT,2026-10-28,1900-01-01T21:00:00Z,2026-10-28T21:00:00Z,2026-10-28T04:00:00Z,1900-01-01T01:00:00Z,2026-10-29T01:00:00Z,1,9:00 pm ET,,,,False
0022600142,2026-10-28,9:30 pm ET,DAL,OKC,American Airlines Center,Dallas,TX,2026-10-28,1900-01-01T21:30:00Z,2026-10-28T21:30:00Z,2026-10-28T04:00:00Z,1900-01-01T01:30:00Z,2026-10-29T01:30:00Z,1,9:30 pm ET,,,,False
0022600143,2026-10-28,10:30 pm ET,LAC,LAL,Intuit Dome,Inglewood,CA,2026-10-28,1900-01-01T22:30:00Z,2026-10-28T22:30:00Z,2026-10-28T04:00:00Z,1900-01-01T02:30:00Z,2026-10-29T02:30:00Z,1,10:30 pm ET,,,,False
0022600144,2026-10-29,7:00 pm ET,ATL,CLE,State Farm Arena,Atlanta,GA,2026-10-29,1900-01-01T19:00:00Z,2026-10-29T19:00:00Z,2026-10-29T04:00:00Z,1900-01-01T23:00:00Z,2026-10-29T23:00:00Z,1,7:00 pm ET,,,,False
0022600145,2026-10-29,8:00 pm ET,NOP,SAC,Smoothie King Center,New Orleans,LA,2026-10-29,1900-01-01T20:00:00Z,2026-10-29T20:00:00Z,2026-10-29T04:00:00Z,1900-01-01T00:00:00Z,2026-10-30T00:00:00Z,1,8:00 pm ET,,,,False
0022600146,2026-10-29,10:00 pm ET,POR,MEM,Moda Center,Portland,OR,2026-10-29,1900-01-01T22:00:00Z,2026-10-29T22:00:00Z,2026-10-29T04:00:00Z,1900-01-01T02:00:00Z,2026-10-30T02:00:00Z,1,10:00 pm ET,,,,False
0022600015,2026-10-30,7:00 pm ET,WAS,CHA,Capital One Arena,Washington,DC,2026-10-30,1900-01-01T19:00:00Z,2026-10-30T19:00:00Z,2026-10-30T04:00:00Z,1900-01-01T23:00:00Z,2026-10-30T23:00:00Z,1,7:00 pm ET,in-season,Emirates NBA Cup,East Group C,False
0022600016,2026-10-30,7:30 pm ET,BOS,CHI,TD Garden,Boston,MA,2026-10-30,1900-01-01T19:30:00Z,2026-10-30T19:30:00Z,2026-10-30T04:00:00Z,1900-01-01T23:30:00Z,2026-10-30T23:30:00Z,1,7:30 pm ET,in-season,Emirates NBA Cup,East Group C,False
0022600017,2026-10-30,7:30 pm ET,BKN,DET,Barclays Center,Brooklyn,NY,2026-10-30,1900-01-01T19:30:00Z,2026-10-30T19:30:00Z,2026-10-30T04:00:00Z,1900-01-01T23:30:00Z,2026-10-30T23:30:00Z,1,7:30 pm ET,in-season,Emirates NBA Cup,East Group A,False
0022600018,2026-10-30,7:30 pm ET,PHI,NYK,Xfinity Mobile Arena,Philadelphia,PA,2026-10-30,1900-01-01T19:30:00Z,2026-10-30T19:30:00Z,2026-10-30T04:00:00Z,1900-01-01T23:30:00Z,2026-10-30T23:30:00Z,1,7:30 pm ET,in-season,Emirates NBA Cup,East Group B,False
0022600019,2026-10-30,7:30 pm ET,TOR,ORL,Scotiabank Arena,Toronto,ON,2026-10-30,1900-01-01T19:30:00Z,2026-10-30T19:30:00Z,2026-10-30T04:00:00Z,1900-01-01T23:30:00Z,2026-10-30T23:30:00Z,1,7:30 pm ET,in-season,Emirates NBA Cup,East Group A,False
0022600020,2026-10-30,8:00 pm ET,MIA,IND,Kaseya Center,Miami,FL,2026-10-30,1900-01-01T20:00:00Z,2026-10-30T20:00:00Z,2026-10-30T04:00:00Z,1900-01-01T00:00:00Z,2026-10-31T00:00:00Z,1,8:00 pm ET,in-season,Emirates NBA Cup,East Group B,False
0022600021,2026-10-30,8:00 pm ET,DAL,HOU,American Airlines Center,Dallas,TX,2026-10-30,1900-01-01T20:00:00Z,2026-10-30T20:00:00Z,2026-10-30T04:00:00Z,1900-01-01T00:00:00Z,2026-10-31T00:00:00Z,1,8:00 pm ET,in-season,Emirates NBA Cup,West Group A,False
0022600022,2026-10-30,8:00 pm ET,MIN,LAC,Target Center,Minneapolis,MN,2026-10-30,1900-01-01T20:00:00Z,2026-10-30T20:00:00Z,2026-10-30T04:00:00Z,1900-01-01T00:00:00Z,2026-10-31T00:00:00Z,1,8:00 pm ET,in-season,Emirates NBA Cup,West Group B,False
0022600023,2026-10-30,10:00 pm ET,GSW,LAL,Chase Center,San Francisco,CA,2026-10-30,1900-01-01T22:00:00Z,2026-10-30T22:00:00Z,2026-10-30T04:00:00Z,1900-01-01T02:00:00Z,2026-10-31T02:00:00Z,1,10:00 pm ET,in-season,Emirates NBA Cup,West Group C,False
0022600024,2026-10-30,10:00 pm ET,PHX,DEN,Mortgage Matchup Center,Phoenix,AZ,2026-10-30,1900-01-01T22:00:00Z,2026-10-30T22:00:00Z,2026-10-30T04:00:00Z,1900-01-01T02:00:00Z,2026-10-31T02:00:00Z,1,10:00 pm ET,in-season,Emirates NBA Cup,West Group A,False
0022600147,2026-10-31,3:00 pm ET,UTA,POR,Delta Center,Salt Lake City,UT,2026-10-31,1900-01-01T15:00:00Z,2026-10-31T15:00:00Z,2026-10-31T04:00:00Z,1900-01-01T19:00:00Z,2026-10-31T19:00:00Z,1,3:00 pm ET,,,,False
0022600148,2026-10-31,6:00 pm ET,CHA,PHI,Spectrum Center,Charlotte,NC,2026-10-31,1900-01-01T18:00:00Z,2026-10-31T18:00:00Z,2026-10-31T04:00:00Z,1900-01-01T22:00:00Z,2026-10-31T22:00:00Z,1,6:00 pm ET,,,,False
0022600149,2026-10-31,7:00 pm ET,NOP,ATL,Smoothie King Center,New Orleans,LA,2026-10-31,1900-01-01T19:00:00Z,2026-10-31T19:00:00Z,2026-10-31T04:00:00Z,1900-01-01T23:00:00Z,2026-10-31T23:00:00Z,1,7:00 pm ET,,,,False
0022600150,2026-10-31,8:00 pm ET,MEM,SAC,FedExForum,Memphis,TN,2026-10-31,1900-01-01T20:00:00Z,2026-10-31T20:00:00Z,2026-10-31T04:00:00Z,1900-01-01T00:00:00Z,2026-11-01T00:00:00Z,1,8:00 pm ET,,,,False
0022600151,2026-10-31,8:00 pm ET,MIL,CLE,Fiserv Forum,Milwaukee,WI,2026-10-31,1900-01-01T20:00:00Z,2026-10-31T20:00:00Z,2026-10-31T04:00:00Z,1900-01-01T00:00:00Z,2026-11-01T00:00:00Z,1,8:00 pm ET,,,,False
0022600152,2026-10-31,8:00 pm ET,SAS,MIN,Frost Bank Center,San Antonio,TX,2026-10-31,1900-01-01T20:00:00Z,2026-10-31T20:00:00Z,2026-10-31T04:00:00Z,1900-01-01T00:00:00Z,2026-11-01T00:00:00Z,1,8:00 pm ET,,,,False
0022600153,2026-10-31,8:30 pm ET,HOU,OKC,Toyota Center,Houston,TX,2026-10-31,1900-01-01T20:30:00Z,2026-10-31T20:30:00Z,2026-10-31T04:00:00Z,1900-01-01T00:30:00Z,2026-11-01T00:30:00Z,1,8:30 pm ET,,,,False
0022600154,2026-11-01,3:30 pm ET,ORL,BOS,Kia Center,Orlando,FL,2026-11-01,1900-01-01T15:30:00Z,2026-11-01T15:30:00Z,2026-11-01T04:00:00Z,1900-01-01T20:30:00Z,2026-11-01T20:30:00Z,1,3:30 pm ET,,,,False
0022600155,2026-11-01,5:00 pm ET,IND,BKN,Gainbridge Fieldhouse,Indianapolis,IN,2026-11-01,1900-01-01T17:00:00Z,2026-11-01T17:00:00Z,2026-11-01T04:00:00Z,1900-01-01T22:00:00Z,2026-11-01T22:00:00Z,1,5:00 pm ET,,,,False
0022600156,2026-11-01,8:30 pm ET,GSW,LAC,Chase Center,San Francisco,CA,2026-11-01,1900-01-01T20:30:00Z,2026-11-01T20:30:00Z,2026-11-01T04:00:00Z,1900-01-01T01:30:00Z,2026-11-02T01:30:00Z,1,8:30 pm ET,,,,False
0022600157,2026-11-01,9:00 pm ET,LAL,TOR,Crypto.com Arena,Los Angeles,CA,2026-11-01,1900-01-01T21:00:00Z,2026-11-01T21:00:00Z,2026-11-01T04:00:00Z,1900-01-01T02:00:00Z,2026-11-02T02:00:00Z,1,9:00 pm ET,,,,False
0022600158,2026-11-02,7:00 pm ET,CLE,OKC,Rocket Arena,Cleveland,OH,2026-11-02,1900-01-01T19:00:00Z,2026-11-02T19:00:00Z,2026-11-02T05:00:00Z,1900-01-01T00:00:00Z,2026-11-03T00:00:00Z,1,7:00 pm ET,,,,False
0022600159,2026-11-02,7:30 pm ET,CHA,DET,Spectrum Center,Charlotte,NC,2026-11-02,1900-01-01T19:30:00Z,2026-11-02T19:30:00Z,2026-11-02T05:00:00Z,1900-01-01T00:30:00Z,2026-11-03T00:30:00Z,1,7:30 pm ET,,,,False
0022600160,2026-11-02,7:30 pm ET,IND,ATL,Gainbridge Fieldhouse,Indianapolis,IN,2026-11-02,1900-01-01T19:30:00Z,2026-11-02T19:30:00Z,2026-11-02T05:00:00Z,1900-01-01T00:30:00Z,2026-11-03T00:30:00Z,1,7:30 pm ET,,,,False
0022600161,2026-11-02,7:30 pm ET,NYK,BKN,Madison Square Garden,New York,NY,2026-11-02,1900-01-01T19:30:00Z,2026-11-02T19:30:00Z,2026-11-02T05:00:00Z,1900-01-01T00:30:00Z,2026-11-03T00:30:00Z,1,7:30 pm ET,,,,False
0022600162,2026-11-02,7:30 pm ET,ORL,WAS,Kia Center,Orlando,FL,2026-11-02,1900-01-01T19:30:00Z,2026-11-02T19:30:00Z,2026-11-02T05:00:00Z,1900-01-01T00:30:00Z,2026-11-03T00:30:00Z,1,7:30 pm ET,,,,False
0022600163,2026-11-02,7:30 pm ET,PHI,CHI,Xfinity Mobile Arena,Philadelphia,PA,2026-11-02,1900-01-01T19:30:00Z,2026-11-02T19:30:00Z,2026-11-02T05:00:00Z,1900-01-01T00:30:00Z,2026-11-03T00:30:00Z,1,7:30 pm ET,,,,False
0022600164,2026-11-02,8:00 pm ET,DAL,SAC,American Airlines Center,Dallas,TX,2026-11-02,1900-01-01T20:00:00Z,2026-11-02T20:00:00Z,2026-11-02T05:00:00Z,1900-01-01T01:00:00Z,2026-11-03T01:00:00Z,1,8:00 pm ET,,,,False
0022600165,2026-11-02,8:00 pm ET,MEM,NOP,FedExForum,Memphis,TN,2026-11-02,1900-01-01T20:00:00Z,2026-11-02T20:00:00Z,2026-11-02T05:00:00Z,1900-01-01T01:00:00Z,2026-11-03T01:00:00Z,1,8:00 pm ET,,,,False
0022600166,2026-11-02,8:00 pm ET,MIN,MIL,Target Center,Minneapolis,MN,2026-11-02,1900-01-01T20:00:00Z,2026-11-02T20:00:00Z,2026-11-02T05:00:00Z,1900-01-01T01:00:00Z,2026-11-03T01:00:00Z,1,8:00 pm ET,,,,False
0022600167,2026-11-02,8:30 pm ET,HOU,BOS,Toyota Center,Houston,TX,2026-11-02,1900-01-01T20:30:00Z,2026-11-02T20:30:00Z,2026-11-02T05:00:00Z,1900-01-01T01:30:00Z,2026-11-03T01:30:00Z,1,8:30 pm ET,,,,False
0022600168,2026-11-02,8:30 pm ET,SAS,UTA,Frost Bank Center,San Antonio,TX,2026-11-02,1900-01-01T20:30:00Z,2026-11-02T20:30:00Z,2026-11-02T05:00:00Z,1900-01-01T01:30:00Z,2026-11-03T01:30:00Z,1,8:30 pm ET,,,,False
0022600169,2026-11-02,9:00 pm ET,DEN,POR,Ball Arena,Denver,CO,2026-11-02,1900-01-01T21:00:00Z,2026-11-02T21:00:00Z,2026-11-02T05:00:00Z,1900-01-01T02:00:00Z,2026-11-03T02:00:00Z,1,9:00 pm ET,,,,False
0022600170,2026-11-02,10:00 pm ET,GSW,PHX,Chase Center,San Francisco,CA,2026-11-02,1900-01-01T22:00:00Z,2026-11-02T22:00:00Z,2026-11-02T05:00:00Z,1900-01-01T03:00:00Z,2026-11-03T03:00:00Z,1,10:00 pm ET,,,,False
0022600171,2026-11-02,10:00 pm ET,LAC,TOR,Intuit Dome,Inglewood,CA,2026-11-02,1900-01-01T22:00:00Z,2026-11-02T22:00:00Z,2026-11-02T05:00:00Z,1900-01-01T03:00:00Z,2026-11-03T03:00:00Z,1,10:00 pm ET,,,,False
0022600172,2026-11-02,10:00 pm ET,LAL,MIA,Crypto.com Arena,Los Angeles,CA,2026-11-02,1900-01-01T22:00:00Z,2026-11-02T22:00:00Z,2026-11-02T05:00:00Z,1900-01-01T03:00:00Z,2026-11-03T03:00:00Z,1,10:00 pm ET,,,,False
0022600173,2026-11-04,7:00 pm ET,DET,PHI,Little Caesars Arena,Detroit,MI,2026-11-04,1900-01-01T19:00:00Z,2026-11-04T19:00:00Z,2026-11-04T05:00:00Z,1900-01-01T00:00:00Z,2026-11-05T00:00:00Z,1,7:00 pm ET,,,,False
0022600174,2026-11-04,7:00 pm ET,WAS,ATL,Capital One Arena,Washington,DC,2026-11-04,1900-01-01T19:00:00Z,2026-11-04T19:00:00Z,2026-11-04T05:00:00Z,1900-01-01T00:00:00Z,2026-11-05T00:00:00Z,1,7:00 pm ET,,,,False
0022600175,2026-11-04,7:30 pm ET,BOS,MIL,TD Garden,Boston,MA,2026-11-04,1900-01-01T19:30:00Z,2026-11-04T19:30:00Z,2026-11-04T05:00:00Z,1900-01-01T00:30:00Z,2026-11-05T00:30:00Z,1,7:30 pm ET,,,,False
0022600176,2026-11-04,7:30 pm ET,BKN,CHA,Barclays Center,Brooklyn,NY,2026-11-04,1900-01-01T19:30:00Z,2026-11-04T19:30:00Z,2026-11-04T05:00:00Z,1900-01-01T00:30:00Z,2026-11-05T00:30:00Z,1,7:30 pm ET,,,,False
0022600177,2026-11-04,7:30 pm ET,NYK,CHI,Madison Square Garden,New York,NY,2026-11-04,1900-01-01T19:30:00Z,2026-11-04T19:30:00Z,2026-11-04T05:00:00Z,1900-01-01T00:30:00Z,2026-11-05T00:30:00Z,1,7:30 pm ET,,,,False
0022600178,2026-11-04,8:00 pm ET,MEM,IND,FedExForum,Memphis,TN,2026-11-04,1900-01-01T20:00:00Z,2026-11-04T20:00:00Z,2026-11-04T05:00:00Z,1900-01-01T01:00:00Z,2026-11-05T01:00:00Z,1,8:00 pm ET,,,,False
0022600179,2026-11-04,8:00 pm ET,NOP,UTA,Smoothie King Center,New Orleans,LA,2026-11-04,1900-01-01T20:00:00Z,2026-11-04T20:00:00Z,2026-11-04T05:00:00Z,1900-01-01T01:00:00Z,2026-11-05T01:00:00Z,1,8:00 pm ET,,,,False
0022600180,2026-11-04,8:00 pm ET,OKC,CLE,Paycom Center,Oklahoma City,OK,2026-11-04,1900-01-01T20:00:00Z,2026-11-04T20:00:00Z,2026-11-04T05:00:00Z,1900-01-01T01:00:00Z,2026-11-05T01:00:00Z,1,8:00 pm ET,,,,False
0022600181,2026-11-04,8:30 pm ET,HOU,MIN,Toyota Center,Houston,TX,2026-11-04,1900-01-01T20:30:00Z,2026-11-04T20:30:00Z,2026-11-04T05:00:00Z,1900-01-01T01:30:00Z,2026-11-05T01:30:00Z,1,8:30 pm ET,,,,False
0022600182,2026-11-04,9:00 pm ET,DEN,TOR,Ball Arena,Denver,CO,2026-11-04,1900-01-01T21:00:00Z,2026-11-04T21:00:00Z,2026-11-04T05:00:00Z,1900-01-01T02:00:00Z,2026-11-05T02:00:00Z,1,9:00 pm ET,,,,False
0022600183,2026-11-04,9:00 pm ET,PHX,POR,Mortgage Matchup Center,Phoenix,AZ,2026-11-04,1900-01-01T21:00:00Z,2026-11-04T21:00:00Z,2026-11-04T05:00:00Z,1900-01-01T02:00:00Z,2026-11-05T02:00:00Z,1,9:00 pm ET,,,,False
0022600184,2026-11-04,9:30 pm ET,SAS,DAL,Frost Bank Center,San Antonio,TX,2026-11-04,1900-01-01T21:30:00Z,2026-11-04T21:30:00Z,2026-11-04T05:00:00Z,1900-01-01T02:30:00Z,2026-11-05T02:30:00Z,1,9:30 pm ET,,,,False
0022600185,2026-11-04,10:00 pm ET,SAC,LAL,Golden 1 Center,Sacramento,CA,2026-11-04,1900-01-01T22:00:00Z,2026-11-04T22:00:00Z,2026-11-04T05:00:00Z,1900-01-01T03:00:00Z,2026-11-05T03:00:00Z,1,10:00 pm ET,,,,False
0022600186,2026-11-04,10:30 pm ET,LAC,MIA,Intuit Dome,Inglewood,CA,2026-11-04,1900-01-01T22:30:00Z,2026-11-04T22:30:00Z,2026-11-04T05:00:00Z,1900-01-01T03:30:00Z,2026-11-05T03:30:00Z,1,10:30 pm ET,,,,False
0022600187,2026-11-05,9:00 pm ET,PHX,ORL,Mortgage Matchup Center,Phoenix,AZ,2026-11-05,1900-01-01T21:00:00Z,2026-11-05T21:00:00Z,2026-11-05T05:00:00Z,1900-01-01T02:00:00Z,2026-11-06T02:00:00Z,1,9:00 pm ET,,,,False
0022600188,2026-11-05,10:00 pm ET,GSW,MIA,Chase Center,San Francisco,CA,2026-11-05,1900-01-01T22:00:00Z,2026-11-05T22:00:00Z,2026-11-05T05:00:00Z,1900-01-01T03:00:00Z,2026-11-06T03:00:00Z,1,10:00 pm ET,,,,False
0022600025,2026-11-06,7:00 pm ET,ATL,WAS,State Farm Arena,Atlanta,GA,2026-11-06,1900-01-01T19:00:00Z,2026-11-06T19:00:00Z,2026-11-06T05:00:00Z,1900-01-01T00:00:00Z,2026-11-07T00:00:00Z,1,7:00 pm ET,in-season,Emirates NBA Cup,East Group C,False
0022600026,2026-11-06,7:00 pm ET,CHA,BOS,Spectrum Center,Charlotte,NC,2026-11-06,1900-01-01T19:00:00Z,2026-11-06T19:00:00Z,2026-11-06T05:00:00Z,1900-01-01T00:00:00Z,2026-11-07T00:00:00Z,1,7:00 pm ET,in-season,Emirates NBA Cup,East Group C,False
0022600027,2026-11-06,7:30 pm ET,CLE,PHI,Rocket Arena,Cleveland,OH,2026-11-06,1900-01-01T19:30:00Z,2026-11-06T19:30:00Z,2026-11-06T05:00:00Z,1900-01-01T00:30:00Z,2026-11-07T00:30:00Z,1,7:30 pm ET,in-season,Emirates NBA Cup,East Group B,False
0022600028,2026-11-06,8:00 pm ET,DAL,UTA,American Airlines Center,Dallas,TX,2026-11-06,1900-01-01T20:00:00Z,2026-11-06T20:00:00Z,2026-11-06T05:00:00Z,1900-01-01T01:00:00Z,2026-11-07T01:00:00Z,1,8:00 pm ET,in-season,Emirates NBA Cup,West Group A,False
0022600029,2026-11-06,8:00 pm ET,MEM,OKC,FedExForum,Memphis,TN,2026-11-06,1900-01-01T20:00:00Z,2026-11-06T20:00:00Z,2026-11-06T05:00:00Z,1900-01-01T01:00:00Z,2026-11-07T01:00:00Z,1,8:00 pm ET,in-season,Emirates NBA Cup,West Group B,False
0022600030,2026-11-06,8:00 pm ET,MIL,TOR,Fiserv Forum,Milwaukee,WI,2026-11-06,1900-01-01T20:00:00Z,2026-11-06T20:00:00Z,2026-11-06T05:00:00Z,1900-01-01T01:00:00Z,2026-11-07T01:00:00Z,1,8:00 pm ET,in-season,Emirates NBA Cup,East Group A,False
0022600031,2026-11-06,8:00 pm ET,NOP,MIN,Smoothie King Center,New Orleans,LA,2026-11-06,1900-01-01T20:00:00Z,2026-11-06T20:00:00Z,2026-11-06T05:00:00Z,1900-01-01T01:00:00Z,2026-11-07T01:00:00Z,1,8:00 pm ET,in-season,Emirates NBA Cup,West Group B,False
0022600032,2026-11-06,10:00 pm ET,LAL,POR,Crypto.com Arena,Los Angeles,CA,2026-11-06,1900-01-01T22:00:00Z,2026-11-06T22:00:00Z,2026-11-06T05:00:00Z,1900-01-01T03:00:00Z,2026-11-07T03:00:00Z,1,10:00 pm ET,in-season,Emirates NBA Cup,West Group C,False
0022600033,2026-11-06,10:00 pm ET,SAC,SAS,Golden 1 Center,Sacramento,CA,2026-11-06,1900-01-01T22:00:00Z,2026-11-06T22:00:00Z,2026-11-06T05:00:00Z,1900-01-01T03:00:00Z,2026-11-07T03:00:00Z,1,10:00 pm ET,in-season,Emirates NBA Cup,West Group C,False
0022600189,2026-11-07,5:00 pm ET,IND,DEN,Arena CDMX,Mexico City,MX,2026-11-07,1900-01-01T17:00:00Z,2026-11-07T17:00:00Z,2026-11-07T05:00:00Z,1900-01-01T22:00:00Z,2026-11-07T22:00:00Z,1,5:00 pm ET,Global Games,NBA Mexico City Game,,True
0022600190,2026-11-07,7:30 pm ET,ATL,BKN,State Farm Arena,Atlanta,GA,2026-11-07,1900-01-01T19:30:00Z,2026-11-07T19:30:00Z,2026-11-07T05:00:00Z,1900-01-01T00:30:00Z,2026-11-08T00:30:00Z,1,7:30 pm ET,,,,False
0022600191,2026-11-07,8:00 pm ET,CLE,NYK,Rocket Arena,Cleveland,OH,2026-11-07,1900-01-01T20:00:00Z,2026-11-07T20:00:00Z,2026-11-07T05:00:00Z,1900-01-01T01:00:00Z,2026-11-08T01:00:00Z,1,8:00 pm ET,,,,False
0022600192,2026-11-07,8:00 pm ET,OKC,WAS,Paycom Center,Oklahoma City,OK,2026-11-07,1900-01-01T20:00:00Z,2026-11-07T20:00:00Z,2026-11-07T05:00:00Z,1900-01-01T01:00:00Z,2026-11-08T01:00:00Z,1,8:00 pm ET,,,,False
0022600193,2026-11-07,8:30 pm ET,GSW,ORL,Chase Center,San Francisco,CA,2026-11-07,1900-01-01T20:30:00Z,2026-11-07T20:30:00Z,2026-11-07T05:00:00Z,1900-01-01T01:30:00Z,2026-11-08T01:30:00Z,1,8:30 pm ET,,,,False
0022600194,2026-11-07,9:00 pm ET,PHX,HOU,Mortgage Matchup Center,Phoenix,AZ,2026-11-07,1900-01-01T21:00:00Z,2026-11-07T21:00:00Z,2026-11-07T05:00:00Z,1900-01-01T02:00:00Z,2026-11-08T02:00:00Z,1,9:00 pm ET,,,,False
0022600195,2026-11-07,10:00 pm ET,POR,SAS,Moda Center,Portland,OR,2026-11-07,1900-01-01T22:00:00Z,2026-11-07T22:00:00Z,2026-11-07T05:00:00Z,1900-01-01T03:00:00Z,2026-11-08T03:00:00Z,1,10:00 pm ET,,,,False
0022600196,2026-11-08,3:30 pm ET,CHI,PHI,United Center,Chicago,IL,2026-11-08,1900-01-01T15:30:00Z,2026-11-08T15:30:00Z,2026-11-08T05:00:00Z,1900-01-01T20:30:00Z,2026-11-08T20:30:00Z,1,3:30 pm ET,,,,False
0022600197,2026-11-08,6:00 pm ET,DET,LAL,Little Caesars Arena,Detroit,MI,2026-11-08,1900-01-01T18:00:00Z,2026-11-08T18:00:00Z,2026-11-08T05:00:00Z,1900-01-01T23:00:00Z,2026-11-08T23:00:00Z,1,6:00 pm ET,,,,False
0022600198,2026-11-08,7:00 pm ET,MIN,UTA,Target Center,Minneapolis,MN,2026-11-08,1900-01-01T19:00:00Z,2026-11-08T19:00:00Z,2026-11-08T05:00:00Z,1900-01-01T00:00:00Z,2026-11-09T00:00:00Z,1,7:00 pm ET,,,,False
0022600199,2026-11-08,7:30 pm ET,DAL,BKN,American Airlines Center,Dallas,TX,2026-11-08,1900-01-01T19:30:00Z,2026-11-08T19:30:00Z,2026-11-08T05:00:00Z,1900-01-01T00:30:00Z,2026-11-09T00:30:00Z,1,7:30 pm ET,,,,False
0022600200,2026-11-08,8:00 pm ET,MIL,BOS,Fiserv Forum,Milwaukee,WI,2026-11-08,1900-01-01T20:00:00Z,2026-11-08T20:00:00Z,2026-11-08T05:00:00Z,1900-01-01T01:00:00Z,2026-11-09T01:00:00Z,1,8:00 pm ET,,,,False
0022600201,2026-11-08,9:00 pm ET,LAC,NOP,Intuit Dome,Inglewood,CA,2026-11-08,1900-01-01T21:00:00Z,2026-11-08T21:00:00Z,2026-11-08T05:00:00Z,1900-01-01T02:00:00Z,2026-11-09T02:00:00Z,1,9:00 pm ET,,,,False
0022600202,2026-11-08,9:00 pm ET,SAC,MIA,Golden 1 Center,Sacramento,CA,2026-11-08,1900-01-01T21:00:00Z,2026-11-08T21:00:00Z,2026-11-08T05:00:00Z,1900-01-01T02:00:00Z,2026-11-09T02:00:00Z,1,9:00 pm ET,,,,False
0022600203,2026-11-09,7:00 pm ET,ATL,LAL,State Farm Arena,Atlanta,GA,2026-11-09,1900-01-01T19:00:00Z,2026-11-09T19:00:00Z,2026-11-09T05:00:00Z,1900-01-01T00:00:00Z,2026-11-10T00:00:00Z,1,7:00 pm ET,,,,False
0022600204,2026-11-09,7:00 pm ET,CHA,CLE,Spectrum Center,Charlotte,NC,2026-11-09,1900-01-01T19:00:00Z,2026-11-09T19:00:00Z,2026-11-09T05:00:00Z,1900-01-01T00:00:00Z,2026-11-10T00:00:00Z,1,7:00 pm ET,,,,False
0022600205,2026-11-09,7:00 pm ET,DET,WAS,Little Caesars Arena,Detroit,MI,2026-11-09,1900-01-01T19:00:00Z,2026-11-09T19:00:00Z,2026-11-09T05:00:00Z,1900-01-01T00:00:00Z,2026-11-10T00:00:00Z,1,7:00 pm ET,,,,False
0022600206,2026-11-09,7:30 pm ET,TOR,MEM,Scotiabank Arena,Toronto,ON,2026-11-09,1900-01-01T19:30:00Z,2026-11-09T19:30:00Z,2026-11-09T05:00:00Z,1900-01-01T00:30:00Z,2026-11-10T00:30:00Z,1,7:30 pm ET,,,,False
0022600207,2026-11-09,8:00 pm ET,DAL,IND,American Airlines Center,Dallas,TX,2026-11-09,1900-01-01T20:00:00Z,2026-11-09T20:00:00Z,2026-11-09T05:00:00Z,1900-01-01T01:00:00Z,2026-11-10T01:00:00Z,1,8:00 pm ET,,,,False
0022600208,2026-11-09,8:30 pm ET,HOU,DEN,Toyota Center,Houston,TX,2026-11-09,1900-01-01T20:30:00Z,2026-11-09T20:30:00Z,2026-11-09T05:00:00Z,1900-01-01T01:30:00Z,2026-11-10T01:30:00Z,1,8:30 pm ET,,,,False
0022600209,2026-11-09,9:00 pm ET,PHX,SAS,Mortgage Matchup Center,Phoenix,AZ,2026-11-09,1900-01-01T21:00:00Z,2026-11-09T21:00:00Z,2026-11-09T05:00:00Z,1900-01-01T02:00:00Z,2026-11-10T02:00:00Z,1,9:00 pm ET,,,,False
0022600210,2026-11-09,10:00 pm ET,GSW,NOP,Chase Center,San Francisco,CA,2026-11-09,1900-01-01T22:00:00Z,2026-11-09T22:00:00Z,2026-11-09T05:00:00Z,1900-01-01T03:00:00Z,2026-11-10T03:00:00Z,1,10:00 pm ET,,,,False
0022600211,2026-11-10,7:30 pm ET,NYK,MIL,Madison Square Garden,New York,NY,2026-11-10,1900-01-01T19:30:00Z,2026-11-10T19:30:00Z,2026-11-10T05:00:00Z,1900-01-01T00:30:00Z,2026-11-11T00:30:00Z,1,7:30 pm ET,,,,False
0022600212,2026-11-10,8:00 pm ET,PHI,BOS,Xfinity Mobile Arena,Philadelphia,PA,2026-11-10,1900-01-01T20:00:00Z,2026-11-10T20:00:00Z,2026-11-10T05:00:00Z,1900-01-01T01:00:00Z,2026-11-11T01:00:00Z,1,8:00 pm ET,,,,False
0022600213,2026-11-10,9:00 pm ET,PHX,LAC,Mortgage Matchup Center,Phoenix,AZ,2026-11-10,1900-01-01T21:00:00Z,2026-11-10T21:00:00Z,2026-11-10T05:00:00Z,1900-01-01T02:00:00Z,2026-11-11T02:00:00Z,1,9:00 pm ET,,,,False
0022600214,2026-11-10,9:00 pm ET,UTA,MIA,Delta Center,Salt Lake City,UT,2026-11-10,1900-01-01T21:00:00Z,2026-11-10T21:00:00Z,2026-11-10T05:00:00Z,1900-01-01T02:00:00Z,2026-11-11T02:00:00Z,1,9:00 pm ET,,,,False
0022600215,2026-11-10,10:00 pm ET,SAC,ORL,Golden 1 Center,Sacramento,CA,2026-11-10,1900-01-01T22:00:00Z,2026-11-10T22:00:00Z,2026-11-10T05:00:00Z,1900-01-01T03:00:00Z,2026-11-11T03:00:00Z,1,10:00 pm ET,,,,False
0022600216,2026-11-10,11:00 pm ET,POR,OKC,Moda Center,Portland,OR,2026-11-10,1900-01-01T23:00:00Z,2026-11-10T23:00:00Z,2026-11-10T05:00:00Z,1900-01-01T04:00:00Z,2026-11-11T04:00:00Z,1,11:00 pm ET,,,,False
0022600217,2026-11-11,7:00 pm ET,IND,WAS,Gainbridge Fieldhouse,Indianapolis,IN,2026-11-11,1900-01-01T19:00:00Z,2026-11-11T19:00:00Z,2026-11-11T05:00:00Z,1900-01-01T00:00:00Z,2026-11-12T00:00:00Z,1,7:00 pm ET,,,,False
0022600218,2026-11-11,7:00 pm ET,NYK,CLE,Madison Square Garden,New York,NY,2026-11-11,1900-01-01T19:00:00Z,2026-11-11T19:00:00Z,2026-11-11T05:00:00Z,1900-01-01T00:00:00Z,2026-11-12T00:00:00Z,1,7:00 pm ET,,,,False
0022600219,2026-11-11,7:00 pm ET,TOR,BOS,Scotiabank Arena,Toronto,ON,2026-11-11,1900-01-01T19:00:00Z,2026-11-11T19:00:00Z,2026-11-11T05:00:00Z,1900-01-01T00:00:00Z,2026-11-12T00:00:00Z,1,7:00 pm ET,,,,False
0022600220,2026-11-11,8:00 pm ET,CHI,SAS,United Center,Chicago,IL,2026-11-11,1900-01-01T20:00:00Z,2026-11-11T20:00:00Z,2026-11-11T05:00:00Z,1900-01-01T01:00:00Z,2026-11-12T01:00:00Z,1,8:00 pm ET,,,,False
0022600221,2026-11-11,8:00 pm ET,MEM,DEN,FedExForum,Memphis,TN,2026-11-11,1900-01-01T20:00:00Z,2026-11-11T20:00:00Z,2026-11-11T05:00:00Z,1900-01-01T01:00:00Z,2026-11-12T01:00:00Z,1,8:00 pm ET,,,,False
0022600222,2026-11-11,8:00 pm ET,MIL,LAL,Fiserv Forum,Milwaukee,WI,2026-11-11,1900-01-01T20:00:00Z,2026-11-11T20:00:00Z,2026-11-11T05:00:00Z,1900-01-01T01:00:00Z,2026-11-12T01:00:00Z,1,8:00 pm ET,,,,False
0022600223,2026-11-11,8:00 pm ET,NOP,BKN,Smoothie King Center,New Orleans,LA,2026-11-11,1900-01-01T20:00:00Z,2026-11-11T20:00:00Z,2026-11-11T05:00:00Z,1900-01-01T01:00:00Z,2026-11-12T01:00:00Z,1,8:00 pm ET,,,,False
0022600224,2026-11-11,9:00 pm ET,UTA,ORL,Delta Center,Salt Lake City,UT,2026-11-11,1900-01-01T21:00:00Z,2026-11-11T21:00:00Z,2026-11-11T05:00:00Z,1900-01-01T02:00:00Z,2026-11-12T02:00:00Z,1,9:00 pm ET,,,,False
0022600225,2026-11-11,9:30 pm ET,HOU,GSW,Toyota Center,Houston,TX,2026-11-11,1900-01-01T21:30:00Z,2026-11-11T21:30:00Z,2026-11-11T05:00:00Z,1900-01-01T02:30:00Z,2026-11-12T02:30:00Z,1,9:30 pm ET,,,,False
0022600226,2026-11-11,10:00 pm ET,POR,OKC,Moda Center,Portland,OR,2026-11-11,1900-01-01T22:00:00Z,2026-11-11T22:00:00Z,2026-11-11T05:00:00Z,1900-01-01T03:00:00Z,2026-11-12T03:00:00Z,1,10:00 pm ET,,,,False
0022600227,2026-11-12,7:00 pm ET,PHI,TOR,Xfinity Mobile Arena,Philadelphia,PA,2026-11-12,1900-01-01T19:00:00Z,2026-11-12T19:00:00Z,2026-11-12T05:00:00Z,1900-01-01T00:00:00Z,2026-11-13T00:00:00Z,1,7:00 pm ET,,,,False
0022600228,2026-11-12,7:00 pm ET,WAS,DET,Capital One Arena,Washington,DC,2026-11-12,1900-01-01T19:00:00Z,2026-11-12T19:00:00Z,2026-11-12T05:00:00Z,1900-01-01T00:00:00Z,2026-11-13T00:00:00Z,1,7:00 pm ET,,,,False
0022600229,2026-11-12,8:00 pm ET,MIN,DAL,Target Center,Minneapolis,MN,2026-11-12,1900-01-01T20:00:00Z,2026-11-12T20:00:00Z,2026-11-12T05:00:00Z,1900-01-01T01:00:00Z,2026-11-13T01:00:00Z,1,8:00 pm ET,,,,False
0022600230,2026-11-12,9:00 pm ET,PHX,CHA,Mortgage Matchup Center,Phoenix,AZ,2026-11-12,1900-01-01T21:00:00Z,2026-11-12T21:00:00Z,2026-11-12T05:00:00Z,1900-01-01T02:00:00Z,2026-11-13T02:00:00Z,1,9:00 pm ET,,,,False
0022600034,2026-11-13,7:00 pm ET,IND,NYK,Gainbridge Fieldhouse,Indianapolis,IN,2026-11-13,1900-01-01T19:00:00Z,2026-11-13T19:00:00Z,2026-11-13T05:00:00Z,1900-01-01T00:00:00Z,2026-11-14T00:00:00Z,1,7:00 pm ET,in-season,Emirates NBA Cup,East Group B,False
0022600035,2026-11-13,7:00 pm ET,ORL,MIL,Kia Center,Orlando,FL,2026-11-13,1900-01-01T19:00:00Z,2026-11-13T19:00:00Z,2026-11-13T05:00:00Z,1900-01-01T00:00:00Z,2026-11-14T00:00:00Z,1,7:00 pm ET,in-season,Emirates NBA Cup,East Group A,False
0022600036,2026-11-13,8:00 pm ET,MIA,CLE,Kaseya Center,Miami,FL,2026-11-13,1900-01-01T20:00:00Z,2026-11-13T20:00:00Z,2026-11-13T05:00:00Z,1900-01-01T01:00:00Z,2026-11-14T01:00:00Z,1,8:00 pm ET,in-season,Emirates NBA Cup,East Group B,False
0022600037,2026-11-13,8:00 pm ET,CHI,ATL,United Center,Chicago,IL,2026-11-13,1900-01-01T20:00:00Z,2026-11-13T20:00:00Z,2026-11-13T05:00:00Z,1900-01-01T01:00:00Z,2026-11-14T01:00:00Z,1,8:00 pm ET,in-season,Emirates NBA Cup,East Group C,False
0022600038,2026-11-13,8:00 pm ET,NOP,MEM,Smoothie King Center,New Orleans,LA,2026-11-13,1900-01-01T20:00:00Z,2026-11-13T20:00:00Z,2026-11-13T05:00:00Z,1900-01-01T01:00:00Z,2026-11-14T01:00:00Z,1,8:00 pm ET,in-season,Emirates NBA Cup,West Group B,False
0022600039,2026-11-13,8:30 pm ET,HOU,UTA,Toyota Center,Houston,TX,2026-11-13,1900-01-01T20:30:00Z,2026-11-13T20:30:00Z,2026-11-13T05:00:00Z,1900-01-01T01:30:00Z,2026-11-14T01:30:00Z,1,8:30 pm ET,in-season,Emirates NBA Cup,West Group A,False
0022600040,2026-11-13,9:30 pm ET,SAS,GSW,Frost Bank Center,San Antonio,TX,2026-11-13,1900-01-01T21:30:00Z,2026-11-13T21:30:00Z,2026-11-13T05:00:00Z,1900-01-01T02:30:00Z,2026-11-14T02:30:00Z,1,9:30 pm ET,in-season,Emirates NBA Cup,West Group C,False
0022600041,2026-11-13,10:00 pm ET,SAC,POR,Golden 1 Center,Sacramento,CA,2026-11-13,1900-01-01T22:00:00Z,2026-11-13T22:00:00Z,2026-11-13T05:00:00Z,1900-01-01T03:00:00Z,2026-11-14T03:00:00Z,1,10:00 pm ET,in-season,Emirates NBA Cup,West Group C,False
0022600042,2026-11-13,10:30 pm ET,LAC,OKC,Intuit Dome,Inglewood,CA,2026-11-13,1900-01-01T22:30:00Z,2026-11-13T22:30:00Z,2026-11-13T05:00:00Z,1900-01-01T03:30:00Z,2026-11-14T03:30:00Z,1,10:30 pm ET,in-season,Emirates NBA Cup,West Group B,False
0022600231,2026-11-14,7:00 pm ET,NOP,DEN,Smoothie King Center,New Orleans,LA,2026-11-14,1900-01-01T19:00:00Z,2026-11-14T19:00:00Z,2026-11-14T05:00:00Z,1900-01-01T00:00:00Z,2026-11-15T00:00:00Z,1,7:00 pm ET,,,,False
0022600232,2026-11-14,7:30 pm ET,CLE,DAL,Rocket Arena,Cleveland,OH,2026-11-14,1900-01-01T19:30:00Z,2026-11-14T19:30:00Z,2026-11-14T05:00:00Z,1900-01-01T00:30:00Z,2026-11-15T00:30:00Z,1,7:30 pm ET,,,,False
0022600233,2026-11-14,8:00 pm ET,MIA,DET,Kaseya Center,Miami,FL,2026-11-14,1900-01-01T20:00:00Z,2026-11-14T20:00:00Z,2026-11-14T05:00:00Z,1900-01-01T01:00:00Z,2026-11-15T01:00:00Z,1,8:00 pm ET,,,,False
0022600234,2026-11-14,8:00 pm ET,MEM,BKN,FedExForum,Memphis,TN,2026-11-14,1900-01-01T20:00:00Z,2026-11-14T20:00:00Z,2026-11-14T05:00:00Z,1900-01-01T01:00:00Z,2026-11-15T01:00:00Z,1,8:00 pm ET,,,,False
0022600235,2026-11-14,8:00 pm ET,MIN,CHI,Target Center,Minneapolis,MN,2026-11-14,1900-01-01T20:00:00Z,2026-11-14T20:00:00Z,2026-11-14T05:00:00Z,1900-01-01T01:00:00Z,2026-11-15T01:00:00Z,1,8:00 pm ET,,,,False
0022600236,2026-11-15,1:00 pm ET,PHI,IND,Xfinity Mobile Arena,Philadelphia,PA,2026-11-15,1900-01-01T13:00:00Z,2026-11-15T13:00:00Z,2026-11-15T05:00:00Z,1900-01-01T18:00:00Z,2026-11-15T18:00:00Z,1,1:00 pm ET,,,,False
0022600237,2026-11-15,4:00 pm ET,PHX,LAL,Mortgage Matchup Center,Phoenix,AZ,2026-11-15,1900-01-01T16:00:00Z,2026-11-15T16:00:00Z,2026-11-15T05:00:00Z,1900-01-01T21:00:00Z,2026-11-15T21:00:00Z,1,4:00 pm ET,,,,False
0022600238,2026-11-15,4:30 pm ET,LAC,CHA,Intuit Dome,Inglewood,CA,2026-11-15,1900-01-01T16:30:00Z,2026-11-15T16:30:00Z,2026-11-15T05:00:00Z,1900-01-01T21:30:00Z,2026-11-15T21:30:00Z,1,4:30 pm ET,,,,False
0022600239,2026-11-15,5:00 pm ET,UTA,SAS,Delta Center,Salt Lake City,UT,2026-11-15,1900-01-01T17:00:00Z,2026-11-15T17:00:00Z,2026-11-15T05:00:00Z,1900-01-01T22:00:00Z,2026-11-15T22:00:00Z,1,5:00 pm ET,,,,False
0022600240,2026-11-15,6:00 pm ET,BOS,DAL,TD Garden,Boston,MA,2026-11-15,1900-01-01T18:00:00Z,2026-11-15T18:00:00Z,2026-11-15T05:00:00Z,1900-01-01T23:00:00Z,2026-11-15T23:00:00Z,1,6:00 pm ET,,,,False
0022600241,2026-11-15,6:00 pm ET,TOR,NYK,Scotiabank Arena,Toronto,ON,2026-11-15,1900-01-01T18:00:00Z,2026-11-15T18:00:00Z,2026-11-15T05:00:00Z,1900-01-01T23:00:00Z,2026-11-15T23:00:00Z,1,6:00 pm ET,,,,False
0022600242,2026-11-15,7:00 pm ET,WAS,HOU,Capital One Arena,Washington,DC,2026-11-15,1900-01-01T19:00:00Z,2026-11-15T19:00:00Z,2026-11-15T05:00:00Z,1900-01-01T00:00:00Z,2026-11-16T00:00:00Z,1,7:00 pm ET,,,,False
0022600243,2026-11-15,8:00 pm ET,MIL,ATL,Fiserv Forum,Milwaukee,WI,2026-11-15,1900-01-01T20:00:00Z,2026-11-15T20:00:00Z,2026-11-15T05:00:00Z,1900-01-01T01:00:00Z,2026-11-16T01:00:00Z,1,8:00 pm ET,,,,False
0022600244,2026-11-15,9:00 pm ET,SAC,OKC,Golden 1 Center,Sacramento,CA,2026-11-15,1900-01-01T21:00:00Z,2026-11-15T21:00:00Z,2026-11-15T05:00:00Z,1900-01-01T02:00:00Z,2026-11-16T02:00:00Z,1,9:00 pm ET,,,,False
0022600245,2026-11-16,7:00 pm ET,BOS,ORL,TD Garden,Boston,MA,2026-11-16,1900-01-01T19:00:00Z,2026-11-16T19:00:00Z,2026-11-16T05:00:00Z,1900-01-01T00:00:00Z,2026-11-17T00:00:00Z,1,7:00 pm ET,,,,False
0022600246,2026-11-16,7:00 pm ET,CLE,CHI,Rocket Arena,Cleveland,OH,2026-11-16,1900-01-01T19:00:00Z,2026-11-16T19:00:00Z,2026-11-16T05:00:00Z,1900-01-01T00:00:00Z,2026-11-17T00:00:00Z,1,7:00 pm ET,,,,False
0022600247,2026-11-16,7:00 pm ET,WAS,MEM,Capital One Arena,Washington,DC,2026-11-16,1900-01-01T19:00:00Z,2026-11-16T19:00:00Z,2026-11-16T05:00:00Z,1900-01-01T00:00:00Z,2026-11-17T00:00:00Z,1,7:00 pm ET,,,,False
0022600248,2026-11-16,7:30 pm ET,BKN,PHI,Barclays Center,Brooklyn,NY,2026-11-16,1900-01-01T19:30:00Z,2026-11-16T19:30:00Z,2026-11-16T05:00:00Z,1900-01-01T00:30:00Z,2026-11-17T00:30:00Z,1,7:30 pm ET,,,,False
0022600249,2026-11-16,7:30 pm ET,MIA,HOU,Kaseya Center,Miami,FL,2026-11-16,1900-01-01T19:30:00Z,2026-11-16T19:30:00Z,2026-11-16T05:00:00Z,1900-01-01T00:30:00Z,2026-11-17T00:30:00Z,1,7:30 pm ET,,,,False
0022600250,2026-11-16,8:00 pm ET,MIN,POR,Target Center,Minneapolis,MN,2026-11-16,1900-01-01T20:00:00Z,2026-11-16T20:00:00Z,2026-11-16T05:00:00Z,1900-01-01T01:00:00Z,2026-11-17T01:00:00Z,1,8:00 pm ET,,,,False
0022600251,2026-11-16,8:00 pm ET,NOP,GSW,Smoothie King Center,New Orleans,LA,2026-11-16,1900-01-01T20:00:00Z,2026-11-16T20:00:00Z,2026-11-16T05:00:00Z,1900-01-01T01:00:00Z,2026-11-17T01:00:00Z,1,8:00 pm ET,,,,False
0022600252,2026-11-16,9:00 pm ET,DEN,PHX,Ball Arena,Denver,CO,2026-11-16,1900-01-01T21:00:00Z,2026-11-16T21:00:00Z,2026-11-16T05:00:00Z,1900-01-01T02:00:00Z,2026-11-17T02:00:00Z,1,9:00 pm ET,,,,False
0022600253,2026-11-17,7:30 pm ET,TOR,NYK,Scotiabank Arena,Toronto,ON,2026-11-17,1900-01-01T19:30:00Z,2026-11-17T19:30:00Z,2026-11-17T05:00:00Z,1900-01-01T00:30:00Z,2026-11-18T00:30:00Z,1,7:30 pm ET,,,,False
0022600254,2026-11-17,8:00 pm ET,MIN,POR,Target Center,Minneapolis,MN,2026-11-17,1900-01-01T20:00:00Z,2026-11-17T20:00:00Z,2026-11-17T05:00:00Z,1900-01-01T01:00:00Z,2026-11-18T01:00:00Z,1,8:00 pm ET,,,,False
0022600255,2026-11-17,8:00 pm ET,SAS,DET,Frost Bank Center,San Antonio,TX,2026-11-17,1900-01-01T20:00:00Z,2026-11-17T20:00:00Z,2026-11-17T05:00:00Z,1900-01-01T01:00:00Z,2026-11-18T01:00:00Z,1,8:00 pm ET,,,,False
0022600256,2026-11-17,10:00 pm ET,LAL,CHA,Crypto.com Arena,Los Angeles,CA,2026-11-17,1900-01-01T22:00:00Z,2026-11-17T22:00:00Z,2026-11-17T05:00:00Z,1900-01-01T03:00:00Z,2026-11-18T03:00:00Z,1,10:00 pm ET,,,,False
0022600257,2026-11-17,11:00 pm ET,LAC,UTA,Intuit Dome,Inglewood,CA,2026-11-17,1900-01-01T23:00:00Z,2026-11-17T23:00:00Z,2026-11-17T05:00:00Z,1900-01-01T04:00:00Z,2026-11-18T04:00:00Z,1,11:00 pm ET,,,,False
0022600258,2026-11-18,7:00 pm ET,CLE,MEM,Rocket Arena,Cleveland,OH,2026-11-18,1900-01-01T19:00:00Z,2026-11-18T19:00:00Z,2026-11-18T05:00:00Z,1900-01-01T00:00:00Z,2026-11-19T00:00:00Z,1,7:00 pm ET,,,,False
0022600259,2026-11-18,7:00 pm ET,IND,HOU,Gainbridge Fieldhouse,Indianapolis,IN,2026-11-18,1900-01-01T19:00:00Z,2026-11-18T19:00:00Z,2026-11-18T05:00:00Z,1900-01-01T00:00:00Z,2026-11-19T00:00:00Z,1,7:00 pm ET,,,,False
0022600260,2026-11-18,7:00 pm ET,MIA,MIL,Kaseya Center,Miami,FL,2026-11-18,1900-01-01T19:00:00Z,2026-11-18T19:00:00Z,2026-11-18T05:00:00Z,1900-01-01T00:00:00Z,2026-11-19T00:00:00Z,1,7:00 pm ET,,,,False
0022600261,2026-11-18,7:00 pm ET,ORL,PHI,Kia Center,Orlando,FL,2026-11-18,1900-01-01T19:00:00Z,2026-11-18T19:00:00Z,2026-11-18T05:00:00Z,1900-01-01T00:00:00Z,2026-11-19T00:00:00Z,1,7:00 pm ET,,,,False
0022600262,2026-11-18,7:30 pm ET,BKN,CHI,Barclays Center,Brooklyn,NY,2026-11-18,1900-01-01T19:30:00Z,2026-11-18T19:30:00Z,2026-11-18T05:00:00Z,1900-01-01T00:30:00Z,2026-11-19T00:30:00Z,1,7:30 pm ET,,,,False
0022600263,2026-11-18,7:30 pm ET,TOR,WAS,Scotiabank Arena,Toronto,ON,2026-11-18,1900-01-01T19:30:00Z,2026-11-18T19:30:00Z,2026-11-18T05:00:00Z,1900-01-01T00:30:00Z,2026-11-19T00:30:00Z,1,7:30 pm ET,,,,False
0022600264,2026-11-18,8:00 pm ET,NOP,DET,Smoothie King Center,New Orleans,LA,2026-11-18,1900-01-01T20:00:00Z,2026-11-18T20:00:00Z,2026-11-18T05:00:00Z,1900-01-01T01:00:00Z,2026-11-19T01:00:00Z,1,8:00 pm ET,,,,False
0022600265,2026-11-18,8:00 pm ET,OKC,ATL,Paycom Center,Oklahoma City,OK,2026-11-18,1900-01-01T20:00:00Z,2026-11-18T20:00:00Z,2026-11-18T05:00:00Z,1900-01-01T01:00:00Z,2026-11-19T01:00:00Z,1,8:00 pm ET,,,,False
0022600266,2026-11-18,9:00 pm ET,DEN,BOS,Ball Arena,Denver,CO,2026-11-18,1900-01-01T21:00:00Z,2026-11-18T21:00:00Z,2026-11-18T05:00:00Z,1900-01-01T02:00:00Z,2026-11-19T02:00:00Z,1,9:00 pm ET,,,,False
0022600267,2026-11-18,9:30 pm ET,DAL,GSW,American Airlines Center,Dallas,TX,2026-11-18,1900-01-01T21:30:00Z,2026-11-18T21:30:00Z,2026-11-18T05:00:00Z,1900-01-01T02:30:00Z,2026-11-19T02:30:00Z,1,9:30 pm ET,,,,False
0022600268,2026-11-18,10:00 pm ET,LAL,UTA,Crypto.com Arena,Los Angeles,CA,2026-11-18,1900-01-01T22:00:00Z,2026-11-18T22:00:00Z,2026-11-18T05:00:00Z,1900-01-01T03:00:00Z,2026-11-19T03:00:00Z,1,10:00 pm ET,,,,False
0022600269,2026-11-18,10:00 pm ET,SAC,PHX,Golden 1 Center,Sacramento,CA,2026-11-18,1900-01-01T22:00:00Z,2026-11-18T22:00:00Z,2026-11-18T05:00:00Z,1900-01-01T03:00:00Z,2026-11-19T03:00:00Z,1,10:00 pm ET,,,,False
0022600270,2026-11-19,8:00 pm ET,MEM,GSW,FedExForum,Memphis,TN,2026-11-19,1900-01-01T20:00:00Z,2026-11-19T20:00:00Z,2026-11-19T05:00:00Z,1900-01-01T01:00:00Z,2026-11-20T01:00:00Z,1,8:00 pm ET,,,,False
0022600271,2026-11-19,8:00 pm ET,MIL,POR,Fiserv Forum,Milwaukee,WI,2026-11-19,1900-01-01T20:00:00Z,2026-11-19T20:00:00Z,2026-11-19T05:00:00Z,1900-01-01T01:00:00Z,2026-11-20T01:00:00Z,1,8:00 pm ET,,,,False
0022600272,2026-11-19,8:00 pm ET,MIN,NYK,Target Center,Minneapolis,MN,2026-11-19,1900-01-01T20:00:00Z,2026-11-19T20:00:00Z,2026-11-19T05:00:00Z,1900-01-01T01:00:00Z,2026-11-20T01:00:00Z,1,8:00 pm ET,,,,False
0022600273,2026-11-19,8:00 pm ET,SAS,LAC,Frost Bank Center,San Antonio,TX,2026-11-19,1900-01-01T20:00:00Z,2026-11-19T20:00:00Z,2026-11-19T05:00:00Z,1900-01-01T01:00:00Z,2026-11-20T01:00:00Z,1,8:00 pm ET,,,,False
0022600043,2026-11-20,7:00 pm ET,ATL,CHA,State Farm Arena,Atlanta,GA,2026-11-20,1900-01-01T19:00:00Z,2026-11-20T19:00:00Z,2026-11-20T05:00:00Z,1900-01-01T00:00:00Z,2026-11-21T00:00:00Z,1,7:00 pm ET,in-season,Emirates NBA Cup,East Group C,False
0022600044,2026-11-20,7:30 pm ET,BKN,ORL,Barclays Center,Brooklyn,NY,2026-11-20,1900-01-01T19:30:00Z,2026-11-20T19:30:00Z,2026-11-20T05:00:00Z,1900-01-01T00:30:00Z,2026-11-21T00:30:00Z,1,7:30 pm ET,in-season,Emirates NBA Cup,East Group A,False
0022600045,2026-11-20,7:30 pm ET,CLE,IND,Rocket Arena,Cleveland,OH,2026-11-20,1900-01-01T19:30:00Z,2026-11-20T19:30:00Z,2026-11-20T05:00:00Z,1900-01-01T00:30:00Z,2026-11-21T00:30:00Z,1,7:30 pm ET,in-season,Emirates NBA Cup,East Group B,False
0022600046,2026-11-20,7:30 pm ET,DET,TOR,Little Caesars Arena,Detroit,MI,2026-11-20,1900-01-01T19:30:00Z,2026-11-20T19:30:00Z,2026-11-20T05:00:00Z,1900-01-01T00:30:00Z,2026-11-21T00:30:00Z,1,7:30 pm ET,in-season,Emirates NBA Cup,East Group A,False
0022600047,2026-11-20,8:00 pm ET,CHI,WAS,United Center,Chicago,IL,2026-11-20,1900-01-01T20:00:00Z,2026-11-20T20:00:00Z,2026-11-20T05:00:00Z,1900-01-01T01:00:00Z,2026-11-21T01:00:00Z,1,8:00 pm ET,in-season,Emirates NBA Cup,East Group C,False
0022600048,2026-11-20,8:00 pm ET,OKC,NOP,Paycom Center,Oklahoma City,OK,2026-11-20,1900-01-01T20:00:00Z,2026-11-20T20:00:00Z,2026-11-20T05:00:00Z,1900-01-01T01:00:00Z,2026-11-21T01:00:00Z,1,8:00 pm ET,in-season,Emirates NBA Cup,West Group B,False
0022600049,2026-11-20,9:30 pm ET,UTA,PHX,Delta Center,Salt Lake City,UT,2026-11-20,1900-01-01T21:30:00Z,2026-11-20T21:30:00Z,2026-11-20T05:00:00Z,1900-01-01T02:30:00Z,2026-11-21T02:30:00Z,1,9:30 pm ET,in-season,Emirates NBA Cup,West Group A,False
0022600050,2026-11-20,10:00 pm ET,DEN,HOU,Ball Arena,Denver,CO,2026-11-20,1900-01-01T22:00:00Z,2026-11-20T22:00:00Z,2026-11-20T05:00:00Z,1900-01-01T03:00:00Z,2026-11-21T03:00:00Z,1,10:00 pm ET,in-season,Emirates NBA Cup,West Group A,False
0022600051,2026-11-20,10:00 pm ET,LAL,SAC,Crypto.com Arena,Los Angeles,CA,2026-11-20,1900-01-01T22:00:00Z,2026-11-20T22:00:00Z,2026-11-20T05:00:00Z,1900-01-01T03:00:00Z,2026-11-21T03:00:00Z,1,10:00 pm ET,in-season,Emirates NBA Cup,West Group C,False
0022600274,2026-11-21,1:00 pm ET,PHI,MIL,Xfinity Mobile Arena,Philadelphia,PA,2026-11-21,1900-01-01T13:00:00Z,2026-11-21T13:00:00Z,2026-11-21T05:00:00Z,1900-01-01T18:00:00Z,2026-11-21T18:00:00Z,1,1:00 pm ET,,,,False
0022600275,2026-11-21,7:30 pm ET,NYK,POR,Madison Square Garden,New York,NY,2026-11-21,1900-01-01T19:30:00Z,2026-11-21T19:30:00Z,2026-11-21T05:00:00Z,1900-01-01T00:30:00Z,2026-11-22T00:30:00Z,1,7:30 pm ET,,,,False
0022600276,2026-11-21,8:00 pm ET,DAL,LAC,American Airlines Center,Dallas,TX,2026-11-21,1900-01-01T20:00:00Z,2026-11-21T20:00:00Z,2026-11-21T05:00:00Z,1900-01-01T01:00:00Z,2026-11-22T01:00:00Z,1,8:00 pm ET,,,,False
0022600277,2026-11-21,8:00 pm ET,MIN,MEM,Target Center,Minneapolis,MN,2026-11-21,1900-01-01T20:00:00Z,2026-11-21T20:00:00Z,2026-11-21T05:00:00Z,1900-01-01T01:00:00Z,2026-11-22T01:00:00Z,1,8:00 pm ET,,,,False
0022600278,2026-11-21,8:00 pm ET,SAS,NOP,Frost Bank Center,San Antonio,TX,2026-11-21,1900-01-01T20:00:00Z,2026-11-21T20:00:00Z,2026-11-21T05:00:00Z,1900-01-01T01:00:00Z,2026-11-22T01:00:00Z,1,8:00 pm ET,,,,False
0022600279,2026-11-21,10:00 pm ET,SAC,BOS,Golden 1 Center,Sacramento,CA,2026-11-21,1900-01-01T22:00:00Z,2026-11-21T22:00:00Z,2026-11-21T05:00:00Z,1900-01-01T03:00:00Z,2026-11-22T03:00:00Z,1,10:00 pm ET,,,,False
0022600280,2026-11-22,3:30 pm ET,ATL,DET,State Farm Arena,Atlanta,GA,2026-11-22,1900-01-01T15:30:00Z,2026-11-22T15:30:00Z,2026-11-22T05:00:00Z,1900-01-01T20:30:00Z,2026-11-22T20:30:00Z,1,3:30 pm ET,,,,False
0022600281,2026-11-22,6:00 pm ET,MIA,OKC,Kaseya Center,Miami,FL,2026-11-22,1900-01-01T18:00:00Z,2026-11-22T18:00:00Z,2026-11-22T05:00:00Z,1900-01-01T23:00:00Z,2026-11-22T23:00:00Z,1,6:00 pm ET,,,,False
0022600282,2026-11-22,7:00 pm ET,WAS,ORL,Capital One Arena,Washington,DC,2026-11-22,1900-01-01T19:00:00Z,2026-11-22T19:00:00Z,2026-11-22T05:00:00Z,1900-01-01T00:00:00Z,2026-11-23T00:00:00Z,1,7:00 pm ET,,,,False
0022600283,2026-11-22,7:00 pm ET,CHI,DEN,United Center,Chicago,IL,2026-11-22,1900-01-01T19:00:00Z,2026-11-22T19:00:00Z,2026-11-22T05:00:00Z,1900-01-01T00:00:00Z,2026-11-23T00:00:00Z,1,7:00 pm ET,,,,False
0022600284,2026-11-22,7:00 pm ET,UTA,DAL,Delta Center,Salt Lake City,UT,2026-11-22,1900-01-01T19:00:00Z,2026-11-22T19:00:00Z,2026-11-22T05:00:00Z,1900-01-01T00:00:00Z,2026-11-23T00:00:00Z,1,7:00 pm ET,,,,False
0022600285,2026-11-22,8:00 pm ET,NYK,IND,Madison Square Garden,New York,NY,2026-11-22,1900-01-01T20:00:00Z,2026-11-22T20:00:00Z,2026-11-22T05:00:00Z,1900-01-01T01:00:00Z,2026-11-23T01:00:00Z,1,8:00 pm ET,,,,False
0022600286,2026-11-22,8:30 pm ET,GSW,BOS,Chase Center,San Francisco,CA,2026-11-22,1900-01-01T20:30:00Z,2026-11-22T20:30:00Z,2026-11-22T05:00:00Z,1900-01-01T01:30:00Z,2026-11-23T01:30:00Z,1,8:30 pm ET,,,,False
0022600287,2026-11-23,7:00 pm ET,CHA,MEM,Spectrum Center,Charlotte,NC,2026-11-23,1900-01-01T19:00:00Z,2026-11-23T19:00:00Z,2026-11-23T05:00:00Z,1900-01-01T00:00:00Z,2026-11-24T00:00:00Z,1,7:00 pm ET,,,,False
0022600288,2026-11-23,7:00 pm ET,PHI,POR,Xfinity Mobile Arena,Philadelphia,PA,2026-11-23,1900-01-01T19:00:00Z,2026-11-23T19:00:00Z,2026-11-23T05:00:00Z,1900-01-01T00:00:00Z,2026-11-24T00:00:00Z,1,7:00 pm ET,,,,False
0022600289,2026-11-23,7:30 pm ET,IND,OKC,Gainbridge Fieldhouse,Indianapolis,IN,2026-11-23,1900-01-01T19:30:00Z,2026-11-23T19:30:00Z,2026-11-23T05:00:00Z,1900-01-01T00:30:00Z,2026-11-24T00:30:00Z,1,7:30 pm ET,,,,False
0022600290,2026-11-23,7:30 pm ET,TOR,MIL,Scotiabank Arena,Toronto,ON,2026-11-23,1900-01-01T19:30:00Z,2026-11-23T19:30:00Z,2026-11-23T05:00:00Z,1900-01-01T00:30:00Z,2026-11-24T00:30:00Z,1,7:30 pm ET,,,,False
0022600291,2026-11-23,7:30 pm ET,MIN,BKN,Target Center,Minneapolis,MN,2026-11-23,1900-01-01T19:30:00Z,2026-11-23T19:30:00Z,2026-11-23T05:00:00Z,1900-01-01T00:30:00Z,2026-11-24T00:30:00Z,1,7:30 pm ET,,,,False
0022600292,2026-11-23,8:00 pm ET,CHI,CLE,United Center,Chicago,IL,2026-11-23,1900-01-01T20:00:00Z,2026-11-23T20:00:00Z,2026-11-23T05:00:00Z,1900-01-01T01:00:00Z,2026-11-24T01:00:00Z,1,8:00 pm ET,,,,False
0022600293,2026-11-23,8:00 pm ET,NOP,PHX,Smoothie King Center,New Orleans,LA,2026-11-23,1900-01-01T20:00:00Z,2026-11-23T20:00:00Z,2026-11-23T05:00:00Z,1900-01-01T01:00:00Z,2026-11-24T01:00:00Z,1,8:00 pm ET,,,,False
0022600294,2026-11-23,8:30 pm ET,HOU,LAC,Toyota Center,Houston,TX,2026-11-23,1900-01-01T20:30:00Z,2026-11-23T20:30:00Z,2026-11-23T05:00:00Z,1900-01-01T01:30:00Z,2026-11-24T01:30:00Z,1,8:30 pm ET,,,,False
0022600295,2026-11-23,10:00 pm ET,LAL,UTA,Crypto.com Arena,Los Angeles,CA,2026-11-23,1900-01-01T22:00:00Z,2026-11-23T22:00:00Z,2026-11-23T05:00:00Z,1900-01-01T03:00:00Z,2026-11-24T03:00:00Z,1,10:00 pm ET,,,,False
0022600296,2026-11-23,10:00 pm ET,SAC,SAS,Golden 1 Center,Sacramento,CA,2026-11-23,1900-01-01T22:00:00Z,2026-11-23T22:00:00Z,2026-11-23T05:00:00Z,1900-01-01T03:00:00Z,2026-11-24T03:00:00Z,1,10:00 pm ET,,,,False
0022600052,2026-11-24,7:00 pm ET,ORL,DET,Kia Center,Orlando,FL,2026-11-24,1900-01-01T19:00:00Z,2026-11-24T19:00:00Z,2026-11-24T05:00:00Z,1900-01-01T00:00:00Z,2026-11-25T00:00:00Z,1,7:00 pm ET,in-season,Emirates NBA Cup,East Group A,False
0022600053,2026-11-24,8:00 pm ET,WAS,BOS,Capital One Arena,Washington,DC,2026-11-24,1900-01-01T20:00:00Z,2026-11-24T20:00:00Z,2026-11-24T05:00:00Z,1900-01-01T01:00:00Z,2026-11-25T01:00:00Z,1,8:00 pm ET,in-season,Emirates NBA Cup,East Group C,False
0022600054,2026-11-24,10:00 pm ET,DEN,DAL,Ball Arena,Denver,CO,2026-11-24,1900-01-01T22:00:00Z,2026-11-24T22:00:00Z,2026-11-24T05:00:00Z,1900-01-01T03:00:00Z,2026-11-25T03:00:00Z,1,10:00 pm ET,in-season,Emirates NBA Cup,West Group A,False
0022600055,2026-11-25,5:00 pm ET,PHI,MIA,Xfinity Mobile Arena,Philadelphia,PA,2026-11-25,1900-01-01T17:00:00Z,2026-11-25T17:00:00Z,2026-11-25T05:00:00Z,1900-01-01T22:00:00Z,2026-11-25T22:00:00Z,1,5:00 pm ET,in-season,Emirates NBA Cup,East Group B,False
0022600056,2026-11-25,7:00 pm ET,CHA,CHI,Spectrum Center,Charlotte,NC,2026-11-25,1900-01-01T19:00:00Z,2026-11-25T19:00:00Z,2026-11-25T05:00:00Z,1900-01-01T00:00:00Z,2026-11-26T00:00:00Z,1,7:00 pm ET,in-season,Emirates NBA Cup,East Group C,False
0022600057,2026-11-25,7:30 pm ET,NYK,CLE,Madison Square Garden,New York,NY,2026-11-25,1900-01-01T19:30:00Z,2026-11-25T19:30:00Z,2026-11-25T05:00:00Z,1900-01-01T00:30:00Z,2026-11-26T00:30:00Z,1,7:30 pm ET,in-season,Emirates NBA Cup,East Group B,False
0022600058,2026-11-25,7:30 pm ET,OKC,MIN,Paycom Center,Oklahoma City,OK,2026-11-25,1900-01-01T19:30:00Z,2026-11-25T19:30:00Z,2026-11-25T05:00:00Z,1900-01-01T00:30:00Z,2026-11-26T00:30:00Z,1,7:30 pm ET,in-season,Emirates NBA Cup,West Group B,False
0022600059,2026-11-25,8:00 pm ET,MEM,LAC,FedExForum,Memphis,TN,2026-11-25,1900-01-01T20:00:00Z,2026-11-25T20:00:00Z,2026-11-25T05:00:00Z,1900-01-01T01:00:00Z,2026-11-26T01:00:00Z,1,8:00 pm ET,in-season,Emirates NBA Cup,West Group B,False
0022600060,2026-11-25,8:00 pm ET,MIL,BKN,Fiserv Forum,Milwaukee,WI,2026-11-25,1900-01-01T20:00:00Z,2026-11-25T20:00:00Z,2026-11-25T05:00:00Z,1900-01-01T01:00:00Z,2026-11-26T01:00:00Z,1,8:00 pm ET,in-season,Emirates NBA Cup,East Group A,False
0022600061,2026-11-25,8:30 pm ET,HOU,PHX,Toyota Center,Houston,TX,2026-11-25,1900-01-01T20:30:00Z,2026-11-25T20:30:00Z,2026-11-25T05:00:00Z,1900-01-01T01:30:00Z,2026-11-26T01:30:00Z,1,8:30 pm ET,in-season,Emirates NBA Cup,West Group A,False
0022600062,2026-11-25,10:00 pm ET,GSW,SAC,Chase Center,San Francisco,CA,2026-11-25,1900-01-01T22:00:00Z,2026-11-25T22:00:00Z,2026-11-25T05:00:00Z,1900-01-01T03:00:00Z,2026-11-26T03:00:00Z,1,10:00 pm ET,in-season,Emirates NBA Cup,West Group C,False
0022600063,2026-11-25,10:00 pm ET,POR,SAS,Moda Center,Portland,OR,2026-11-25,1900-01-01T22:00:00Z,2026-11-25T22:00:00Z,2026-11-25T05:00:00Z,1900-01-01T03:00:00Z,2026-11-26T03:00:00Z,1,10:00 pm ET,in-season,Emirates NBA Cup,West Group C,False
0022600064,2026-11-27,7:00 pm ET,NYK,MIA,Madison Square Garden,New York,NY,2026-11-27,1900-01-01T19:00:00Z,2026-11-27T19:00:00Z,2026-11-27T05:00:00Z,1900-01-01T00:00:00Z,2026-11-28T00:00:00Z,1,7:00 pm ET,in-season,Emirates NBA Cup,East Group B,False
0022600065,2026-11-27,7:30 pm ET,DET,MIL,Little Caesars Arena,Detroit,MI,2026-11-27,1900-01-01T19:30:00Z,2026-11-27T19:30:00Z,2026-11-27T05:00:00Z,1900-01-01T00:30:00Z,2026-11-28T00:30:00Z,1,7:30 pm ET,in-season,Emirates NBA Cup,East Group A,False
0022600066,2026-11-27,7:30 pm ET,IND,PHI,Gainbridge Fieldhouse,Indianapolis,IN,2026-11-27,1900-01-01T19:30:00Z,2026-11-27T19:30:00Z,2026-11-27T05:00:00Z,1900-01-01T00:30:00Z,2026-11-28T00:30:00Z,1,7:30 pm ET,in-season,Emirates NBA Cup,East Group B,False
0022600067,2026-11-27,7:30 pm ET,TOR,BKN,Scotiabank Arena,Toronto,ON,2026-11-27,1900-01-01T19:30:00Z,2026-11-27T19:30:00Z,2026-11-27T05:00:00Z,1900-01-01T00:30:00Z,2026-11-28T00:30:00Z,1,7:30 pm ET,in-season,Emirates NBA Cup,East Group A,False
0022600068,2026-11-27,8:00 pm ET,BOS,ATL,TD Garden,Boston,MA,2026-11-27,1900-01-01T20:00:00Z,2026-11-27T20:00:00Z,2026-11-27T05:00:00Z,1900-01-01T01:00:00Z,2026-11-28T01:00:00Z,1,8:00 pm ET,in-season,Emirates NBA Cup,East Group C,False
0022600069,2026-11-27,8:30 pm ET,MIN,MEM,Target Center,Minneapolis,MN,2026-11-27,1900-01-01T20:30:00Z,2026-11-27T20:30:00Z,2026-11-27T05:00:00Z,1900-01-01T01:30:00Z,2026-11-28T01:30:00Z,1,8:30 pm ET,in-season,Emirates NBA Cup,West Group B,False
0022600070,2026-11-27,9:00 pm ET,PHX,DAL,Mortgage Matchup Center,Phoenix,AZ,2026-11-27,1900-01-01T21:00:00Z,2026-11-27T21:00:00Z,2026-11-27T05:00:00Z,1900-01-01T02:00:00Z,2026-11-28T02:00:00Z,1,9:00 pm ET,in-season,Emirates NBA Cup,West Group A,False
0022600071,2026-11-27,9:30 pm ET,SAS,LAL,Frost Bank Center,San Antonio,TX,2026-11-27,1900-01-01T21:30:00Z,2026-11-27T21:30:00Z,2026-11-27T05:00:00Z,1900-01-01T02:30:00Z,2026-11-28T02:30:00Z,1,9:30 pm ET,in-season,Emirates NBA Cup,West Group C,False
0022600072,2026-11-27,9:30 pm ET,UTA,DEN,Delta Center,Salt Lake City,UT,2026-11-27,1900-01-01T21:30:00Z,2026-11-27T21:30:00Z,2026-11-27T05:00:00Z,1900-01-01T02:30:00Z,2026-11-28T02:30:00Z,1,9:30 pm ET,in-season,Emirates NBA Cup,West Group A,False
0022600073,2026-11-27,9:30 pm ET,LAC,NOP,Intuit Dome,Inglewood,CA,2026-11-27,1900-01-01T21:30:00Z,2026-11-27T21:30:00Z,2026-11-27T05:00:00Z,1900-01-01T02:30:00Z,2026-11-28T02:30:00Z,1,9:30 pm ET,in-season,Emirates NBA Cup,West Group B,False
0022600074,2026-11-27,9:30 pm ET,POR,GSW,Moda Center,Portland,OR,2026-11-27,1900-01-01T21:30:00Z,2026-11-27T21:30:00Z,2026-11-27T05:00:00Z,1900-01-01T02:30:00Z,2026-11-28T02:30:00Z,1,9:30 pm ET,in-season,Emirates NBA Cup,West Group C,False
0022600297,2026-11-28,5:00 pm ET,WAS,ORL,Capital One Arena,Washington,DC,2026-11-28,1900-01-01T17:00:00Z,2026-11-28T17:00:00Z,2026-11-28T05:00:00Z,1900-01-01T22:00:00Z,2026-11-28T22:00:00Z,1,5:00 pm ET,,,,False
0022600298,2026-11-28,6:00 pm ET,CHA,BKN,Spectrum Center,Charlotte,NC,2026-11-28,1900-01-01T18:00:00Z,2026-11-28T18:00:00Z,2026-11-28T05:00:00Z,1900-01-01T23:00:00Z,2026-11-28T23:00:00Z,1,6:00 pm ET,,,,False
0022600299,2026-11-28,8:00 pm ET,CHI,IND,United Center,Chicago,IL,2026-11-28,1900-01-01T20:00:00Z,2026-11-28T20:00:00Z,2026-11-28T05:00:00Z,1900-01-01T01:00:00Z,2026-11-29T01:00:00Z,1,8:00 pm ET,,,,False
0022600300,2026-11-28,8:00 pm ET,MIL,OKC,Fiserv Forum,Milwaukee,WI,2026-11-28,1900-01-01T20:00:00Z,2026-11-28T20:00:00Z,2026-11-28T05:00:00Z,1900-01-01T01:00:00Z,2026-11-29T01:00:00Z,1,8:00 pm ET,,,,False
0022600301,2026-11-28,8:30 pm ET,HOU,PHI,Toyota Center,Houston,TX,2026-11-28,1900-01-01T20:30:00Z,2026-11-28T20:30:00Z,2026-11-28T05:00:00Z,1900-01-01T01:30:00Z,2026-11-29T01:30:00Z,1,8:30 pm ET,,,,False
0022600302,2026-11-29,4:00 pm ET,MEM,LAL,FedExForum,Memphis,TN,2026-11-29,1900-01-01T16:00:00Z,2026-11-29T16:00:00Z,2026-11-29T05:00:00Z,1900-01-01T21:00:00Z,2026-11-29T21:00:00Z,1,4:00 pm ET,,,,False
0022600303,2026-11-29,4:00 pm ET,SAS,BOS,Frost Bank Center,San Antonio,TX,2026-11-29,1900-01-01T16:00:00Z,2026-11-29T16:00:00Z,2026-11-29T05:00:00Z,1900-01-01T21:00:00Z,2026-11-29T21:00:00Z,1,4:00 pm ET,,,,False
0022600304,2026-11-29,5:00 pm ET,UTA,PHX,Delta Center,Salt Lake City,UT,2026-11-29,1900-01-01T17:00:00Z,2026-11-29T17:00:00Z,2026-11-29T05:00:00Z,1900-01-01T22:00:00Z,2026-11-29T22:00:00Z,1,5:00 pm ET,,,,False
0022600305,2026-11-29,6:00 pm ET,CLE,MIA,Rocket Arena,Cleveland,OH,2026-11-29,1900-01-01T18:00:00Z,2026-11-29T18:00:00Z,2026-11-29T05:00:00Z,1900-01-01T23:00:00Z,2026-11-29T23:00:00Z,1,6:00 pm ET,,,,False
0022600306,2026-11-29,6:00 pm ET,DET,ORL,Little Caesars Arena,Detroit,MI,2026-11-29,1900-01-01T18:00:00Z,2026-11-29T18:00:00Z,2026-11-29T05:00:00Z,1900-01-01T23:00:00Z,2026-11-29T23:00:00Z,1,6:00 pm ET,,,,False
0022600307,2026-11-29,6:00 pm ET,NYK,ATL,Madison Square Garden,New York,NY,2026-11-29,1900-01-01T18:00:00Z,2026-11-29T18:00:00Z,2026-11-29T05:00:00Z,1900-01-01T23:00:00Z,2026-11-29T23:00:00Z,1,6:00 pm ET,,,,False
0022600308,2026-11-29,6:00 pm ET,TOR,DEN,Scotiabank Arena,Toronto,ON,2026-11-29,1900-01-01T18:00:00Z,2026-11-29T18:00:00Z,2026-11-29T05:00:00Z,1900-01-01T23:00:00Z,2026-11-29T23:00:00Z,1,6:00 pm ET,,,,False
0022600309,2026-11-29,6:00 pm ET,POR,NOP,Moda Center,Portland,OR,2026-11-29,1900-01-01T18:00:00Z,2026-11-29T18:00:00Z,2026-11-29T05:00:00Z,1900-01-01T23:00:00Z,2026-11-29T23:00:00Z,1,6:00 pm ET,,,,False
0022600310,2026-11-29,8:30 pm ET,GSW,LAC,Chase Center,San Francisco,CA,2026-11-29,1900-01-01T20:30:00Z,2026-11-29T20:30:00Z,2026-11-29T05:00:00Z,1900-01-01T01:30:00Z,2026-11-30T01:30:00Z,1,8:30 pm ET,,,,False
0022600311,2026-11-29,9:00 pm ET,SAC,MIN,Golden 1 Center,Sacramento,CA,2026-11-29,1900-01-01T21:00:00Z,2026-11-29T21:00:00Z,2026-11-29T05:00:00Z,1900-01-01T02:00:00Z,2026-11-30T02:00:00Z,1,9:00 pm ET,,,,False
0022600312,2026-11-30,7:00 pm ET,CHA,WAS,Spectrum Center,Charlotte,NC,2026-11-30,1900-01-01T19:00:00Z,2026-11-30T19:00:00Z,2026-11-30T05:00:00Z,1900-01-01T00:00:00Z,2026-12-01T00:00:00Z,1,7:00 pm ET,,,,False
0022600313,2026-11-30,7:00 pm ET,DET,DEN,Little Caesars Arena,Detroit,MI,2026-11-30,1900-01-01T19:00:00Z,2026-11-30T19:00:00Z,2026-11-30T05:00:00Z,1900-01-01T00:00:00Z,2026-12-01T00:00:00Z,1,7:00 pm ET,,,,False
0022600314,2026-11-30,7:30 pm ET,BKN,OKC,Barclays Center,Brooklyn,NY,2026-11-30,1900-01-01T19:30:00Z,2026-11-30T19:30:00Z,2026-11-30T05:00:00Z,1900-01-01T00:30:00Z,2026-12-01T00:30:00Z,1,7:30 pm ET,,,,False
0022600315,2026-11-30,7:30 pm ET,HOU,LAL,Toyota Center,Houston,TX,2026-11-30,1900-01-01T19:30:00Z,2026-11-30T19:30:00Z,2026-11-30T05:00:00Z,1900-01-01T00:30:00Z,2026-12-01T00:30:00Z,1,7:30 pm ET,,,,False
0022600316,2026-11-30,8:00 pm ET,DAL,BOS,American Airlines Center,Dallas,TX,2026-11-30,1900-01-01T20:00:00Z,2026-11-30T20:00:00Z,2026-11-30T05:00:00Z,1900-01-01T01:00:00Z,2026-12-01T01:00:00Z,1,8:00 pm ET,,,,False
0022600317,2026-11-30,8:00 pm ET,MIL,SAS,Fiserv Forum,Milwaukee,WI,2026-11-30,1900-01-01T20:00:00Z,2026-11-30T20:00:00Z,2026-11-30T05:00:00Z,1900-01-01T01:00:00Z,2026-12-01T01:00:00Z,1,8:00 pm ET,,,,False
0022600318,2026-11-30,10:00 pm ET,SAC,NOP,Golden 1 Center,Sacramento,CA,2026-11-30,1900-01-01T22:00:00Z,2026-11-30T22:00:00Z,2026-11-30T05:00:00Z,1900-01-01T03:00:00Z,2026-12-01T03:00:00Z,1,10:00 pm ET,,,,False
0022600319,2026-12-01,7:00 pm ET,CLE,IND,Rocket Arena,Cleveland,OH,2026-12-01,1900-01-01T19:00:00Z,2026-12-01T19:00:00Z,2026-12-01T05:00:00Z,1900-01-01T00:00:00Z,2026-12-02T00:00:00Z,1,7:00 pm ET,,,,False
0022600320,2026-12-01,7:00 pm ET,PHI,MEM,Xfinity Mobile Arena,Philadelphia,PA,2026-12-01,1900-01-01T19:00:00Z,2026-12-01T19:00:00Z,2026-12-01T05:00:00Z,1900-01-01T00:00:00Z,2026-12-02T00:00:00Z,1,7:00 pm ET,,,,False
0022600321,2026-12-01,7:30 pm ET,MIA,ATL,Kaseya Center,Miami,FL,2026-12-01,1900-01-01T19:30:00Z,2026-12-01T19:30:00Z,2026-12-01T05:00:00Z,1900-01-01T00:30:00Z,2026-12-02T00:30:00Z,1,7:30 pm ET,,,,False
0022600322,2026-12-01,8:00 pm ET,CHI,NYK,United Center,Chicago,IL,2026-12-01,1900-01-01T20:00:00Z,2026-12-01T20:00:00Z,2026-12-01T05:00:00Z,1900-01-01T01:00:00Z,2026-12-02T01:00:00Z,1,8:00 pm ET,,,,False
0022600323,2026-12-01,8:30 pm ET,HOU,TOR,Toyota Center,Houston,TX,2026-12-01,1900-01-01T20:30:00Z,2026-12-01T20:30:00Z,2026-12-01T05:00:00Z,1900-01-01T01:30:00Z,2026-12-02T01:30:00Z,1,8:30 pm ET,,,,False
0022600324,2026-12-01,9:00 pm ET,PHX,LAC,Mortgage Matchup Center,Phoenix,AZ,2026-12-01,1900-01-01T21:00:00Z,2026-12-01T21:00:00Z,2026-12-01T05:00:00Z,1900-01-01T02:00:00Z,2026-12-02T02:00:00Z,1,9:00 pm ET,,,,False
0022600325,2026-12-01,10:00 pm ET,POR,MIN,Moda Center,Portland,OR,2026-12-01,1900-01-01T22:00:00Z,2026-12-01T22:00:00Z,2026-12-01T05:00:00Z,1900-01-01T03:00:00Z,2026-12-02T03:00:00Z,1,10:00 pm ET,,,,False
0022600326,2026-12-01,11:00 pm ET,GSW,UTA,Chase Center,San Francisco,CA,2026-12-01,1900-01-01T23:00:00Z,2026-12-01T23:00:00Z,2026-12-01T05:00:00Z,1900-01-01T04:00:00Z,2026-12-02T04:00:00Z,1,11:00 pm ET,,,,False
0022600327,2026-12-02,7:00 pm ET,DET,MEM,Little Caesars Arena,Detroit,MI,2026-12-02,1900-01-01T19:00:00Z,2026-12-02T19:00:00Z,2026-12-02T05:00:00Z,1900-01-01T00:00:00Z,2026-12-03T00:00:00Z,1,7:00 pm ET,,,,False
0022600328,2026-12-02,7:00 pm ET,PHI,DEN,Xfinity Mobile Arena,Philadelphia,PA,2026-12-02,1900-01-01T19:00:00Z,2026-12-02T19:00:00Z,2026-12-02T05:00:00Z,1900-01-01T00:00:00Z,2026-12-03T00:00:00Z,1,7:00 pm ET,,,,False
0022600329,2026-12-02,7:30 pm ET,BOS,CHA,TD Garden,Boston,MA,2026-12-02,1900-01-01T19:30:00Z,2026-12-02T19:30:00Z,2026-12-02T05:00:00Z,1900-01-01T00:30:00Z,2026-12-03T00:30:00Z,1,7:30 pm ET,,,,False
0022600330,2026-12-02,8:00 pm ET,DAL,ORL,American Airlines Center,Dallas,TX,2026-12-02,1900-01-01T20:00:00Z,2026-12-02T20:00:00Z,2026-12-02T05:00:00Z,1900-01-01T01:00:00Z,2026-12-03T01:00:00Z,1,8:00 pm ET,,,,False
0022600331,2026-12-02,8:00 pm ET,MIL,NYK,Fiserv Forum,Milwaukee,WI,2026-12-02,1900-01-01T20:00:00Z,2026-12-02T20:00:00Z,2026-12-02T05:00:00Z,1900-01-01T01:00:00Z,2026-12-03T01:00:00Z,1,8:00 pm ET,,,,False
0022600332,2026-12-02,8:00 pm ET,NOP,LAL,Smoothie King Center,New Orleans,LA,2026-12-02,1900-01-01T20:00:00Z,2026-12-02T20:00:00Z,2026-12-02T05:00:00Z,1900-01-01T01:00:00Z,2026-12-03T01:00:00Z,1,8:00 pm ET,,,,False
0022600333,2026-12-02,8:00 pm ET,OKC,BKN,Paycom Center,Oklahoma City,OK,2026-12-02,1900-01-01T20:00:00Z,2026-12-02T20:00:00Z,2026-12-02T05:00:00Z,1900-01-01T01:00:00Z,2026-12-03T01:00:00Z,1,8:00 pm ET,,,,False
0022600334,2026-12-02,9:00 pm ET,PHX,SAC,Mortgage Matchup Center,Phoenix,AZ,2026-12-02,1900-01-01T21:00:00Z,2026-12-02T21:00:00Z,2026-12-02T05:00:00Z,1900-01-01T02:00:00Z,2026-12-03T02:00:00Z,1,9:00 pm ET,,,,False
0022600335,2026-12-02,10:30 pm ET,LAC,MIN,Intuit Dome,Inglewood,CA,2026-12-02,1900-01-01T22:30:00Z,2026-12-02T22:30:00Z,2026-12-02T05:00:00Z,1900-01-01T03:30:00Z,2026-12-03T03:30:00Z,1,10:30 pm ET,,,,False
0022600336,2026-12-03,7:00 pm ET,ATL,IND,State Farm Arena,Atlanta,GA,2026-12-03,1900-01-01T19:00:00Z,2026-12-03T19:00:00Z,2026-12-03T05:00:00Z,1900-01-01T00:00:00Z,2026-12-04T00:00:00Z,1,7:00 pm ET,,,,False
0022600337,2026-12-03,7:30 pm ET,MIA,WAS,Kaseya Center,Miami,FL,2026-12-03,1900-01-01T19:30:00Z,2026-12-03T19:30:00Z,2026-12-03T05:00:00Z,1900-01-01T00:30:00Z,2026-12-04T00:30:00Z,1,7:30 pm ET,,,,False
0022600338,2026-12-03,8:00 pm ET,CHI,CLE,United Center,Chicago,IL,2026-12-03,1900-01-01T20:00:00Z,2026-12-03T20:00:00Z,2026-12-03T05:00:00Z,1900-01-01T01:00:00Z,2026-12-04T01:00:00Z,1,8:00 pm ET,,,,False
0022600339,2026-12-03,8:00 pm ET,SAS,TOR,Frost Bank Center,San Antonio,TX,2026-12-03,1900-01-01T20:00:00Z,2026-12-03T20:00:00Z,2026-12-03T05:00:00Z,1900-01-01T01:00:00Z,2026-12-04T01:00:00Z,1,8:00 pm ET,,,,False
0022600340,2026-12-03,10:00 pm ET,POR,UTA,Moda Center,Portland,OR,2026-12-03,1900-01-01T22:00:00Z,2026-12-03T22:00:00Z,2026-12-03T05:00:00Z,1900-01-01T03:00:00Z,2026-12-04T03:00:00Z,1,10:00 pm ET,,,,False
0022600341,2026-12-12,5:00 pm ET,MEM,MIL,FedExForum,Memphis,TN,2026-12-12,1900-01-01T17:00:00Z,2026-12-12T17:00:00Z,2026-12-12T05:00:00Z,1900-01-01T22:00:00Z,2026-12-12T22:00:00Z,1,5:00 pm ET,,,,False
0022600342,2026-12-12,7:00 pm ET,WAS,CHA,Capital One Arena,Washington,DC,2026-12-12,1900-01-01T19:00:00Z,2026-12-12T19:00:00Z,2026-12-12T05:00:00Z,1900-01-01T00:00:00Z,2026-12-13T00:00:00Z,1,7:00 pm ET,,,,False
0022600343,2026-12-12,7:30 pm ET,PHI,ORL,Xfinity Mobile Arena,Philadelphia,PA,2026-12-12,1900-01-01T19:30:00Z,2026-12-12T19:30:00Z,2026-12-12T05:00:00Z,1900-01-01T00:30:00Z,2026-12-13T00:30:00Z,1,7:30 pm ET,,,,False
0022600344,2026-12-12,8:00 pm ET,CLE,GSW,Rocket Arena,Cleveland,OH,2026-12-12,1900-01-01T20:00:00Z,2026-12-12T20:00:00Z,2026-12-12T05:00:00Z,1900-01-01T01:00:00Z,2026-12-13T01:00:00Z,1,8:00 pm ET,,,,False
0022600345,2026-12-12,8:30 pm ET,MIA,NYK,Kaseya Center,Miami,FL,2026-12-12,1900-01-01T20:30:00Z,2026-12-12T20:30:00Z,2026-12-12T05:00:00Z,1900-01-01T01:30:00Z,2026-12-13T01:30:00Z,1,8:30 pm ET,,,,False
0022600346,2026-12-12,9:00 pm ET,PHX,MIN,Mortgage Matchup Center,Phoenix,AZ,2026-12-12,1900-01-01T21:00:00Z,2026-12-12T21:00:00Z,2026-12-12T05:00:00Z,1900-01-01T02:00:00Z,2026-12-13T02:00:00Z,1,9:00 pm ET,,,,False
0022600347,2026-12-12,9:30 pm ET,UTA,DEN,Delta Center,Salt Lake City,UT,2026-12-12,1900-01-01T21:30:00Z,2026-12-12T21:30:00Z,2026-12-12T05:00:00Z,1900-01-01T02:30:00Z,2026-12-13T02:30:00Z,1,9:30 pm ET,,,,False
0022600348,2026-12-12,10:00 pm ET,POR,ATL,Moda Center,Portland,OR,2026-12-12,1900-01-01T22:00:00Z,2026-12-12T22:00:00Z,2026-12-12T05:00:00Z,1900-01-01T03:00:00Z,2026-12-13T03:00:00Z,1,10:00 pm ET,,,,False
0022600349,2026-12-13,3:00 pm ET,BKN,BOS,Barclays Center,Brooklyn,NY,2026-12-13,1900-01-01T15:00:00Z,2026-12-13T15:00:00Z,2026-12-13T05:00:00Z,1900-01-01T20:00:00Z,2026-12-13T20:00:00Z,1,3:00 pm ET,,,,False
0022600350,2026-12-13,3:30 pm ET,OKC,TOR,Paycom Center,Oklahoma City,OK,2026-12-13,1900-01-01T15:30:00Z,2026-12-13T15:30:00Z,2026-12-13T05:00:00Z,1900-01-01T20:30:00Z,2026-12-13T20:30:00Z,1,3:30 pm ET,,,,False
0022600351,2026-12-13,5:00 pm ET,IND,DET,Gainbridge Fieldhouse,Indianapolis,IN,2026-12-13,1900-01-01T17:00:00Z,2026-12-13T17:00:00Z,2026-12-13T05:00:00Z,1900-01-01T22:00:00Z,2026-12-13T22:00:00Z,1,5:00 pm ET,,,,False
0022600352,2026-12-13,6:00 pm ET,CHI,HOU,United Center,Chicago,IL,2026-12-13,1900-01-01T18:00:00Z,2026-12-13T18:00:00Z,2026-12-13T05:00:00Z,1900-01-01T23:00:00Z,2026-12-13T23:00:00Z,1,6:00 pm ET,,,,False
0022600353,2026-12-13,7:00 pm ET,SAS,LAC,Frost Bank Center,San Antonio,TX,2026-12-13,1900-01-01T19:00:00Z,2026-12-13T19:00:00Z,2026-12-13T05:00:00Z,1900-01-01T00:00:00Z,2026-12-14T00:00:00Z,1,7:00 pm ET,,,,False
0022600354,2026-12-13,9:00 pm ET,SAC,NOP,Golden 1 Center,Sacramento,CA,2026-12-13,1900-01-01T21:00:00Z,2026-12-13T21:00:00Z,2026-12-13T05:00:00Z,1900-01-01T02:00:00Z,2026-12-14T02:00:00Z,1,9:00 pm ET,,,,False
0022600355,2026-12-14,7:00 pm ET,CHA,TOR,Spectrum Center,Charlotte,NC,2026-12-14,1900-01-01T19:00:00Z,2026-12-14T19:00:00Z,2026-12-14T05:00:00Z,1900-01-01T00:00:00Z,2026-12-15T00:00:00Z,1,7:00 pm ET,,,,False
0022600356,2026-12-14,7:00 pm ET,DET,BKN,Little Caesars Arena,Detroit,MI,2026-12-14,1900-01-01T19:00:00Z,2026-12-14T19:00:00Z,2026-12-14T05:00:00Z,1900-01-01T00:00:00Z,2026-12-15T00:00:00Z,1,7:00 pm ET,,,,False
0022600357,2026-12-14,7:00 pm ET,ORL,PHI,Kia Center,Orlando,FL,2026-12-14,1900-01-01T19:00:00Z,2026-12-14T19:00:00Z,2026-12-14T05:00:00Z,1900-01-01T00:00:00Z,2026-12-15T00:00:00Z,1,7:00 pm ET,,,,False
0022600358,2026-12-14,7:30 pm ET,BOS,WAS,TD Garden,Boston,MA,2026-12-14,1900-01-01T19:30:00Z,2026-12-14T19:30:00Z,2026-12-14T05:00:00Z,1900-01-01T00:30:00Z,2026-12-15T00:30:00Z,1,7:30 pm ET,,,,False
0022600359,2026-12-14,8:00 pm ET,CHI,MIA,United Center,Chicago,IL,2026-12-14,1900-01-01T20:00:00Z,2026-12-14T20:00:00Z,2026-12-14T05:00:00Z,1900-01-01T01:00:00Z,2026-12-15T01:00:00Z,1,8:00 pm ET,,,,False
0022600360,2026-12-14,8:00 pm ET,DAL,MIL,American Airlines Center,Dallas,TX,2026-12-14,1900-01-01T20:00:00Z,2026-12-14T20:00:00Z,2026-12-14T05:00:00Z,1900-01-01T01:00:00Z,2026-12-15T01:00:00Z,1,8:00 pm ET,,,,False
0022600361,2026-12-14,8:00 pm ET,MEM,GSW,FedExForum,Memphis,TN,2026-12-14,1900-01-01T20:00:00Z,2026-12-14T20:00:00Z,2026-12-14T05:00:00Z,1900-01-01T01:00:00Z,2026-12-15T01:00:00Z,1,8:00 pm ET,,,,False
0022600362,2026-12-14,8:30 pm ET,HOU,NYK,Toyota Center,Houston,TX,2026-12-14,1900-01-01T20:30:00Z,2026-12-14T20:30:00Z,2026-12-14T05:00:00Z,1900-01-01T01:30:00Z,2026-12-15T01:30:00Z,1,8:30 pm ET,,,,False
0022600363,2026-12-14,9:00 pm ET,PHX,ATL,Mortgage Matchup Center,Phoenix,AZ,2026-12-14,1900-01-01T21:00:00Z,2026-12-14T21:00:00Z,2026-12-14T05:00:00Z,1900-01-01T02:00:00Z,2026-12-15T02:00:00Z,1,9:00 pm ET,,,,False
0022600364,2026-12-14,9:00 pm ET,UTA,MIN,Delta Center,Salt Lake City,UT,2026-12-14,1900-01-01T21:00:00Z,2026-12-14T21:00:00Z,2026-12-14T05:00:00Z,1900-01-01T02:00:00Z,2026-12-15T02:00:00Z,1,9:00 pm ET,,,,False
0022600365,2026-12-14,10:00 pm ET,LAL,NOP,Crypto.com Arena,Los Angeles,CA,2026-12-14,1900-01-01T22:00:00Z,2026-12-14T22:00:00Z,2026-12-14T05:00:00Z,1900-01-01T03:00:00Z,2026-12-15T03:00:00Z,1,10:00 pm ET,,,,False
0022600366,2026-12-15,8:00 pm ET,CLE,SAS,Rocket Arena,Cleveland,OH,2026-12-15,1900-01-01T20:00:00Z,2026-12-15T20:00:00Z,2026-12-15T05:00:00Z,1900-01-01T01:00:00Z,2026-12-16T01:00:00Z,1,8:00 pm ET,,,,False
0022600367,2026-12-15,11:00 pm ET,POR,DEN,Moda Center,Portland,OR,2026-12-15,1900-01-01T23:00:00Z,2026-12-15T23:00:00Z,2026-12-15T05:00:00Z,1900-01-01T04:00:00Z,2026-12-16T04:00:00Z,1,11:00 pm ET,,,,False
0022600368,2026-12-16,7:00 pm ET,BOS,WAS,TD Garden,Boston,MA,2026-12-16,1900-01-01T19:00:00Z,2026-12-16T19:00:00Z,2026-12-16T05:00:00Z,1900-01-01T00:00:00Z,2026-12-17T00:00:00Z,1,7:00 pm ET,,,,False
0022600369,2026-12-16,7:00 pm ET,CHA,LAC,Spectrum Center,Charlotte,NC,2026-12-16,1900-01-01T19:00:00Z,2026-12-16T19:00:00Z,2026-12-16T05:00:00Z,1900-01-01T00:00:00Z,2026-12-17T00:00:00Z,1,7:00 pm ET,,,,False
0022600370,2026-12-16,7:00 pm ET,DET,PHX,Little Caesars Arena,Detroit,MI,2026-12-16,1900-01-01T19:00:00Z,2026-12-16T19:00:00Z,2026-12-16T05:00:00Z,1900-01-01T00:00:00Z,2026-12-17T00:00:00Z,1,7:00 pm ET,,,,False
0022600371,2026-12-16,7:00 pm ET,IND,GSW,Gainbridge Fieldhouse,Indianapolis,IN,2026-12-16,1900-01-01T19:00:00Z,2026-12-16T19:00:00Z,2026-12-16T05:00:00Z,1900-01-01T00:00:00Z,2026-12-17T00:00:00Z,1,7:00 pm ET,,,,False
0022600372,2026-12-16,7:00 pm ET,ORL,CLE,Kia Center,Orlando,FL,2026-12-16,1900-01-01T19:00:00Z,2026-12-16T19:00:00Z,2026-12-16T05:00:00Z,1900-01-01T00:00:00Z,2026-12-17T00:00:00Z,1,7:00 pm ET,,,,False
0022600373,2026-12-16,7:30 pm ET,BKN,DAL,Barclays Center,Brooklyn,NY,2026-12-16,1900-01-01T19:30:00Z,2026-12-16T19:30:00Z,2026-12-16T05:00:00Z,1900-01-01T00:30:00Z,2026-12-17T00:30:00Z,1,7:30 pm ET,,,,False
0022600374,2026-12-16,7:30 pm ET,TOR,SAS,Scotiabank Arena,Toronto,ON,2026-12-16,1900-01-01T19:30:00Z,2026-12-16T19:30:00Z,2026-12-16T05:00:00Z,1900-01-01T00:30:00Z,2026-12-17T00:30:00Z,1,7:30 pm ET,,,,False
0022600375,2026-12-16,8:00 pm ET,CHI,UTA,United Center,Chicago,IL,2026-12-16,1900-01-01T20:00:00Z,2026-12-16T20:00:00Z,2026-12-16T05:00:00Z,1900-01-01T01:00:00Z,2026-12-17T01:00:00Z,1,8:00 pm ET,,,,False
0022600376,2026-12-16,8:00 pm ET,MEM,MIA,FedExForum,Memphis,TN,2026-12-16,1900-01-01T20:00:00Z,2026-12-16T20:00:00Z,2026-12-16T05:00:00Z,1900-01-01T01:00:00Z,2026-12-17T01:00:00Z,1,8:00 pm ET,,,,False
0022600377,2026-12-16,8:00 pm ET,NOP,NYK,Smoothie King Center,New Orleans,LA,2026-12-16,1900-01-01T20:00:00Z,2026-12-16T20:00:00Z,2026-12-16T05:00:00Z,1900-01-01T01:00:00Z,2026-12-17T01:00:00Z,1,8:00 pm ET,,,,False
0022600378,2026-12-16,8:00 pm ET,OKC,SAC,Paycom Center,Oklahoma City,OK,2026-12-16,1900-01-01T20:00:00Z,2026-12-16T20:00:00Z,2026-12-16T05:00:00Z,1900-01-01T01:00:00Z,2026-12-17T01:00:00Z,1,8:00 pm ET,,,,False
0022600379,2026-12-16,8:30 pm ET,HOU,MIL,Toyota Center,Houston,TX,2026-12-16,1900-01-01T20:30:00Z,2026-12-16T20:30:00Z,2026-12-16T05:00:00Z,1900-01-01T01:30:00Z,2026-12-17T01:30:00Z,1,8:30 pm ET,,,,False
0022600380,2026-12-16,9:30 pm ET,MIN,LAL,Target Center,Minneapolis,MN,2026-12-16,1900-01-01T21:30:00Z,2026-12-16T21:30:00Z,2026-12-16T05:00:00Z,1900-01-01T02:30:00Z,2026-12-17T02:30:00Z,1,9:30 pm ET,,,,False
0022600381,2026-12-17,7:00 pm ET,IND,POR,Gainbridge Fieldhouse,Indianapolis,IN,2026-12-17,1900-01-01T19:00:00Z,2026-12-17T19:00:00Z,2026-12-17T05:00:00Z,1900-01-01T00:00:00Z,2026-12-18T00:00:00Z,1,7:00 pm ET,,,,False
0022600382,2026-12-17,7:00 pm ET,PHI,DAL,Xfinity Mobile Arena,Philadelphia,PA,2026-12-17,1900-01-01T19:00:00Z,2026-12-17T19:00:00Z,2026-12-17T05:00:00Z,1900-01-01T00:00:00Z,2026-12-18T00:00:00Z,1,7:00 pm ET,,,,False
0022600383,2026-12-17,9:00 pm ET,DEN,ATL,Ball Arena,Denver,CO,2026-12-17,1900-01-01T21:00:00Z,2026-12-17T21:00:00Z,2026-12-17T05:00:00Z,1900-01-01T02:00:00Z,2026-12-18T02:00:00Z,1,9:00 pm ET,,,,False
0022600384,2026-12-18,7:00 pm ET,CHA,OKC,Spectrum Center,Charlotte,NC,2026-12-18,1900-01-01T19:00:00Z,2026-12-18T19:00:00Z,2026-12-18T05:00:00Z,1900-01-01T00:00:00Z,2026-12-19T00:00:00Z,1,7:00 pm ET,,,,False
0022600385,2026-12-18,7:00 pm ET,MIA,LAC,Kaseya Center,Miami,FL,2026-12-18,1900-01-01T19:00:00Z,2026-12-18T19:00:00Z,2026-12-18T05:00:00Z,1900-01-01T00:00:00Z,2026-12-19T00:00:00Z,1,7:00 pm ET,,,,False
0022600386,2026-12-18,7:00 pm ET,WAS,NYK,Capital One Arena,Washington,DC,2026-12-18,1900-01-01T19:00:00Z,2026-12-18T19:00:00Z,2026-12-18T05:00:00Z,1900-01-01T00:00:00Z,2026-12-19T00:00:00Z,1,7:00 pm ET,,,,False
0022600387,2026-12-18,7:30 pm ET,BOS,UTA,TD Garden,Boston,MA,2026-12-18,1900-01-01T19:30:00Z,2026-12-18T19:30:00Z,2026-12-18T05:00:00Z,1900-01-01T00:30:00Z,2026-12-19T00:30:00Z,1,7:30 pm ET,,,,False
0022600388,2026-12-18,7:30 pm ET,BKN,ORL,Barclays Center,Brooklyn,NY,2026-12-18,1900-01-01T19:30:00Z,2026-12-18T19:30:00Z,2026-12-18T05:00:00Z,1900-01-01T00:30:00Z,2026-12-19T00:30:00Z,1,7:30 pm ET,,,,False
0022600389,2026-12-18,7:30 pm ET,DET,CLE,Little Caesars Arena,Detroit,MI,2026-12-18,1900-01-01T19:30:00Z,2026-12-18T19:30:00Z,2026-12-18T05:00:00Z,1900-01-01T00:30:00Z,2026-12-19T00:30:00Z,1,7:30 pm ET,,,,False
0022600390,2026-12-18,7:30 pm ET,TOR,GSW,Scotiabank Arena,Toronto,ON,2026-12-18,1900-01-01T19:30:00Z,2026-12-18T19:30:00Z,2026-12-18T05:00:00Z,1900-01-01T00:30:00Z,2026-12-19T00:30:00Z,1,7:30 pm ET,,,,False
0022600391,2026-12-18,8:00 pm ET,MEM,HOU,FedExForum,Memphis,TN,2026-12-18,1900-01-01T20:00:00Z,2026-12-18T20:00:00Z,2026-12-18T05:00:00Z,1900-01-01T01:00:00Z,2026-12-19T01:00:00Z,1,8:00 pm ET,,,,False
0022600392,2026-12-18,8:00 pm ET,MIL,PHX,Fiserv Forum,Milwaukee,WI,2026-12-18,1900-01-01T20:00:00Z,2026-12-18T20:00:00Z,2026-12-18T05:00:00Z,1900-01-01T01:00:00Z,2026-12-19T01:00:00Z,1,8:00 pm ET,,,,False
0022600393,2026-12-18,8:00 pm ET,MIN,LAL,Target Center,Minneapolis,MN,2026-12-18,1900-01-01T20:00:00Z,2026-12-18T20:00:00Z,2026-12-18T05:00:00Z,1900-01-01T01:00:00Z,2026-12-19T01:00:00Z,1,8:00 pm ET,,,,False
0022600394,2026-12-18,8:00 pm ET,NOP,SAC,Smoothie King Center,New Orleans,LA,2026-12-18,1900-01-01T20:00:00Z,2026-12-18T20:00:00Z,2026-12-18T05:00:00Z,1900-01-01T01:00:00Z,2026-12-19T01:00:00Z,1,8:00 pm ET,,,,False
0022600395,2026-12-18,8:00 pm ET,SAS,CHI,Frost Bank Center,San Antonio,TX,2026-12-18,1900-01-01T20:00:00Z,2026-12-18T20:00:00Z,2026-12-18T05:00:00Z,1900-01-01T01:00:00Z,2026-12-19T01:00:00Z,1,8:00 pm ET,,,,False
0022600396,2026-12-19,6:00 pm ET,CHA,POR,Spectrum Center,Charlotte,NC,2026-12-19,1900-01-01T18:00:00Z,2026-12-19T18:00:00Z,2026-12-19T05:00:00Z,1900-01-01T23:00:00Z,2026-12-19T23:00:00Z,1,6:00 pm ET,,,,False
0022600397,2026-12-19,7:00 pm ET,ATL,ORL,State Farm Arena,Atlanta,GA,2026-12-19,1900-01-01T19:00:00Z,2026-12-19T19:00:00Z,2026-12-19T05:00:00Z,1900-01-01T00:00:00Z,2026-12-20T00:00:00Z,1,7:00 pm ET,,,,False
0022600398,2026-12-19,8:00 pm ET,DAL,CHI,American Airlines Center,Dallas,TX,2026-12-19,1900-01-01T20:00:00Z,2026-12-19T20:00:00Z,2026-12-19T05:00:00Z,1900-01-01T01:00:00Z,2026-12-20T01:00:00Z,1,8:00 pm ET,,,,False
0022600399,2026-12-19,9:00 pm ET,DEN,LAL,Ball Arena,Denver,CO,2026-12-19,1900-01-01T21:00:00Z,2026-12-19T21:00:00Z,2026-12-19T05:00:00Z,1900-01-01T02:00:00Z,2026-12-20T02:00:00Z,1,9:00 pm ET,,,,False
0022600400,2026-12-20,3:00 pm ET,BKN,WAS,Barclays Center,Brooklyn,NY,2026-12-20,1900-01-01T15:00:00Z,2026-12-20T15:00:00Z,2026-12-20T05:00:00Z,1900-01-01T20:00:00Z,2026-12-20T20:00:00Z,1,3:00 pm ET,,,,False
0022600401,2026-12-20,3:30 pm ET,TOR,HOU,Scotiabank Arena,Toronto,ON,2026-12-20,1900-01-01T15:30:00Z,2026-12-20T15:30:00Z,2026-12-20T05:00:00Z,1900-01-01T20:30:00Z,2026-12-20T20:30:00Z,1,3:30 pm ET,,,,False
0022600402,2026-12-20,4:00 pm ET,MEM,PHX,FedExForum,Memphis,TN,2026-12-20,1900-01-01T16:00:00Z,2026-12-20T16:00:00Z,2026-12-20T05:00:00Z,1900-01-01T21:00:00Z,2026-12-20T21:00:00Z,1,4:00 pm ET,,,,False
0022600403,2026-12-20,6:00 pm ET,CLE,UTA,Rocket Arena,Cleveland,OH,2026-12-20,1900-01-01T18:00:00Z,2026-12-20T18:00:00Z,2026-12-20T05:00:00Z,1900-01-01T23:00:00Z,2026-12-20T23:00:00Z,1,6:00 pm ET,,,,False
0022600404,2026-12-20,6:00 pm ET,MIA,SAC,Kaseya Center,Miami,FL,2026-12-20,1900-01-01T18:00:00Z,2026-12-20T18:00:00Z,2026-12-20T05:00:00Z,1900-01-01T23:00:00Z,2026-12-20T23:00:00Z,1,6:00 pm ET,,,,False
0022600405,2026-12-20,7:00 pm ET,ATL,OKC,State Farm Arena,Atlanta,GA,2026-12-20,1900-01-01T19:00:00Z,2026-12-20T19:00:00Z,2026-12-20T05:00:00Z,1900-01-01T00:00:00Z,2026-12-21T00:00:00Z,1,7:00 pm ET,,,,False
0022600406,2026-12-20,7:00 pm ET,NOP,SAS,Smoothie King Center,New Orleans,LA,2026-12-20,1900-01-01T19:00:00Z,2026-12-20T19:00:00Z,2026-12-20T05:00:00Z,1900-01-01T00:00:00Z,2026-12-21T00:00:00Z,1,7:00 pm ET,,,,False
0022600407,2026-12-20,8:00 pm ET,BOS,DET,TD Garden,Boston,MA,2026-12-20,1900-01-01T20:00:00Z,2026-12-20T20:00:00Z,2026-12-20T05:00:00Z,1900-01-01T01:00:00Z,2026-12-21T01:00:00Z,1,8:00 pm ET,,,,False
0022600408,2026-12-20,8:00 pm ET,MIL,GSW,Fiserv Forum,Milwaukee,WI,2026-12-20,1900-01-01T20:00:00Z,2026-12-20T20:00:00Z,2026-12-20T05:00:00Z,1900-01-01T01:00:00Z,2026-12-21T01:00:00Z,1,8:00 pm ET,,,,False
0022600409,2026-12-20,10:00 pm ET,LAC,IND,Intuit Dome,Inglewood,CA,2026-12-20,1900-01-01T22:00:00Z,2026-12-20T22:00:00Z,2026-12-20T05:00:00Z,1900-01-01T03:00:00Z,2026-12-21T03:00:00Z,1,10:00 pm ET,,,,False
0022600410,2026-12-21,7:00 pm ET,CHA,PHI,Spectrum Center,Charlotte,NC,2026-12-21,1900-01-01T19:00:00Z,2026-12-21T19:00:00Z,2026-12-21T05:00:00Z,1900-01-01T00:00:00Z,2026-12-22T00:00:00Z,1,7:00 pm ET,,,,False
0022600411,2026-12-21,7:00 pm ET,CLE,NYK,Rocket Arena,Cleveland,OH,2026-12-21,1900-01-01T19:00:00Z,2026-12-21T19:00:00Z,2026-12-21T05:00:00Z,1900-01-01T00:00:00Z,2026-12-22T00:00:00Z,1,7:00 pm ET,,,,False
0022600412,2026-12-21,7:00 pm ET,ORL,SAC,Kia Center,Orlando,FL,2026-12-21,1900-01-01T19:00:00Z,2026-12-21T19:00:00Z,2026-12-21T05:00:00Z,1900-01-01T00:00:00Z,2026-12-22T00:00:00Z,1,7:00 pm ET,,,,False
0022600413,2026-12-21,7:30 pm ET,BKN,POR,Barclays Center,Brooklyn,NY,2026-12-21,1900-01-01T19:30:00Z,2026-12-21T19:30:00Z,2026-12-21T05:00:00Z,1900-01-01T00:30:00Z,2026-12-22T00:30:00Z,1,7:30 pm ET,,,,False
0022600414,2026-12-21,7:30 pm ET,MIA,CHI,Kaseya Center,Miami,FL,2026-12-21,1900-01-01T19:30:00Z,2026-12-21T19:30:00Z,2026-12-21T05:00:00Z,1900-01-01T00:30:00Z,2026-12-22T00:30:00Z,1,7:30 pm ET,,,,False
0022600415,2026-12-21,8:00 pm ET,MIN,PHX,Target Center,Minneapolis,MN,2026-12-21,1900-01-01T20:00:00Z,2026-12-21T20:00:00Z,2026-12-21T05:00:00Z,1900-01-01T01:00:00Z,2026-12-22T01:00:00Z,1,8:00 pm ET,,,,False
0022600416,2026-12-21,8:00 pm ET,NOP,MEM,Smoothie King Center,New Orleans,LA,2026-12-21,1900-01-01T20:00:00Z,2026-12-21T20:00:00Z,2026-12-21T05:00:00Z,1900-01-01T01:00:00Z,2026-12-22T01:00:00Z,1,8:00 pm ET,,,,False
0022600417,2026-12-21,8:00 pm ET,SAS,MIL,Frost Bank Center,San Antonio,TX,2026-12-21,1900-01-01T20:00:00Z,2026-12-21T20:00:00Z,2026-12-21T05:00:00Z,1900-01-01T01:00:00Z,2026-12-22T01:00:00Z,1,8:00 pm ET,,,,False
0022600418,2026-12-21,10:00 pm ET,LAL,IND,Crypto.com Arena,Los Angeles,CA,2026-12-21,1900-01-01T22:00:00Z,2026-12-21T22:00:00Z,2026-12-21T05:00:00Z,1900-01-01T03:00:00Z,2026-12-22T03:00:00Z,1,10:00 pm ET,,,,False
0022600419,2026-12-21,10:30 pm ET,LAC,DEN,Intuit Dome,Inglewood,CA,2026-12-21,1900-01-01T22:30:00Z,2026-12-21T22:30:00Z,2026-12-21T05:00:00Z,1900-01-01T03:30:00Z,2026-12-22T03:30:00Z,1,10:30 pm ET,,,,False
0022600420,2026-12-22,7:00 pm ET,WAS,TOR,Capital One Arena,Washington,DC,2026-12-22,1900-01-01T19:00:00Z,2026-12-22T19:00:00Z,2026-12-22T05:00:00Z,1900-01-01T00:00:00Z,2026-12-23T00:00:00Z,1,7:00 pm ET,,,,False
0022600421,2026-12-22,8:00 pm ET,OKC,DET,Paycom Center,Oklahoma City,OK,2026-12-22,1900-01-01T20:00:00Z,2026-12-22T20:00:00Z,2026-12-22T05:00:00Z,1900-01-01T01:00:00Z,2026-12-23T01:00:00Z,1,8:00 pm ET,,,,False
0022600422,2026-12-22,10:30 pm ET,GSW,DAL,Chase Center,San Francisco,CA,2026-12-22,1900-01-01T22:30:00Z,2026-12-22T22:30:00Z,2026-12-22T05:00:00Z,1900-01-01T03:30:00Z,2026-12-23T03:30:00Z,1,10:30 pm ET,,,,False
0022600423,2026-12-23,7:00 pm ET,ATL,DET,State Farm Arena,Atlanta,GA,2026-12-23,1900-01-01T19:00:00Z,2026-12-23T19:00:00Z,2026-12-23T05:00:00Z,1900-01-01T00:00:00Z,2026-12-24T00:00:00Z,1,7:00 pm ET,,,,False
0022600424,2026-12-23,7:00 pm ET,ORL,CHA,Kia Center,Orlando,FL,2026-12-23,1900-01-01T19:00:00Z,2026-12-23T19:00:00Z,2026-12-23T05:00:00Z,1900-01-01T00:00:00Z,2026-12-24T00:00:00Z,1,7:00 pm ET,,,,False
0022600425,2026-12-23,7:00 pm ET,WAS,CLE,Capital One Arena,Washington,DC,2026-12-23,1900-01-01T19:00:00Z,2026-12-23T19:00:00Z,2026-12-23T05:00:00Z,1900-01-01T00:00:00Z,2026-12-24T00:00:00Z,1,7:00 pm ET,,,,False
0022600426,2026-12-23,7:30 pm ET,BOS,POR,TD Garden,Boston,MA,2026-12-23,1900-01-01T19:30:00Z,2026-12-23T19:30:00Z,2026-12-23T05:00:00Z,1900-01-01T00:30:00Z,2026-12-24T00:30:00Z,1,7:30 pm ET,,,,False
0022600427,2026-12-23,7:30 pm ET,BKN,SAS,Barclays Center,Brooklyn,NY,2026-12-23,1900-01-01T19:30:00Z,2026-12-23T19:30:00Z,2026-12-23T05:00:00Z,1900-01-01T00:30:00Z,2026-12-24T00:30:00Z,1,7:30 pm ET,,,,False
0022600428,2026-12-23,7:30 pm ET,MIA,CHI,Kaseya Center,Miami,FL,2026-12-23,1900-01-01T19:30:00Z,2026-12-23T19:30:00Z,2026-12-23T05:00:00Z,1900-01-01T00:30:00Z,2026-12-24T00:30:00Z,1,7:30 pm ET,,,,False
0022600429,2026-12-23,7:30 pm ET,NYK,UTA,Madison Square Garden,New York,NY,2026-12-23,1900-01-01T19:30:00Z,2026-12-23T19:30:00Z,2026-12-23T05:00:00Z,1900-01-01T00:30:00Z,2026-12-24T00:30:00Z,1,7:30 pm ET,,,,False
0022600430,2026-12-23,7:30 pm ET,PHI,HOU,Xfinity Mobile Arena,Philadelphia,PA,2026-12-23,1900-01-01T19:30:00Z,2026-12-23T19:30:00Z,2026-12-23T05:00:00Z,1900-01-01T00:30:00Z,2026-12-24T00:30:00Z,1,7:30 pm ET,,,,False
0022600431,2026-12-23,8:00 pm ET,MEM,TOR,FedExForum,Memphis,TN,2026-12-23,1900-01-01T20:00:00Z,2026-12-23T20:00:00Z,2026-12-23T05:00:00Z,1900-01-01T01:00:00Z,2026-12-24T01:00:00Z,1,8:00 pm ET,,,,False
0022600432,2026-12-23,8:00 pm ET,MIL,MIN,Fiserv Forum,Milwaukee,WI,2026-12-23,1900-01-01T20:00:00Z,2026-12-23T20:00:00Z,2026-12-23T05:00:00Z,1900-01-01T01:00:00Z,2026-12-24T01:00:00Z,1,8:00 pm ET,,,,False
0022600433,2026-12-23,8:00 pm ET,NOP,OKC,Smoothie King Center,New Orleans,LA,2026-12-23,1900-01-01T20:00:00Z,2026-12-23T20:00:00Z,2026-12-23T05:00:00Z,1900-01-01T01:00:00Z,2026-12-24T01:00:00Z,1,8:00 pm ET,,,,False
0022600434,2026-12-23,9:00 pm ET,PHX,IND,Mortgage Matchup Center,Phoenix,AZ,2026-12-23,1900-01-01T21:00:00Z,2026-12-23T21:00:00Z,2026-12-23T05:00:00Z,1900-01-01T02:00:00Z,2026-12-24T02:00:00Z,1,9:00 pm ET,,,,False
0022600435,2026-12-23,10:00 pm ET,LAL,DEN,Crypto.com Arena,Los Angeles,CA,2026-12-23,1900-01-01T22:00:00Z,2026-12-23T22:00:00Z,2026-12-23T05:00:00Z,1900-01-01T03:00:00Z,2026-12-24T03:00:00Z,1,10:00 pm ET,,,,False
0022600436,2026-12-23,10:00 pm ET,SAC,DAL,Golden 1 Center,Sacramento,CA,2026-12-23,1900-01-01T22:00:00Z,2026-12-23T22:00:00Z,2026-12-23T05:00:00Z,1900-01-01T03:00:00Z,2026-12-24T03:00:00Z,1,10:00 pm ET,,,,False
0022600437,2026-12-23,10:30 pm ET,LAC,GSW,Intuit Dome,Inglewood,CA,2026-12-23,1900-01-01T22:30:00Z,2026-12-23T22:30:00Z,2026-12-23T05:00:00Z,1900-01-01T03:30:00Z,2026-12-24T03:30:00Z,1,10:30 pm ET,,,,False
0022600010,2026-12-25,12:00 pm ET,NYK,SAS,Madison Square Garden,New York,NY,2026-12-25,1900-01-01T12:00:00Z,2026-12-25T12:00:00Z,2026-12-25T05:00:00Z,1900-01-01T17:00:00Z,2026-12-25T17:00:00Z,1,12:00 pm ET,,,,False
0022600011,2026-12-25,2:30 pm ET,BOS,MIA,TD Garden,Boston,MA,2026-12-25,1900-01-01T14:30:00Z,2026-12-25T14:30:00Z,2026-12-25T05:00:00Z,1900-01-01T19:30:00Z,2026-12-25T19:30:00Z,1,2:30 pm ET,,,,False
0022600012,2026-12-25,5:00 pm ET,LAL,PHI,Crypto.com Arena,Los Angeles,CA,2026-12-25,1900-01-01T17:00:00Z,2026-12-25T17:00:00Z,2026-12-25T05:00:00Z,1900-01-01T22:00:00Z,2026-12-25T22:00:00Z,1,5:00 pm ET,,,,False
0022600013,2026-12-25,8:00 pm ET,MIN,OKC,Target Center,Minneapolis,MN,2026-12-25,1900-01-01T20:00:00Z,2026-12-25T20:00:00Z,2026-12-25T05:00:00Z,1900-01-01T01:00:00Z,2026-12-26T01:00:00Z,1,8:00 pm ET,,,,False
0022600014,2026-12-25,10:30 pm ET,GSW,DEN,Chase Center,San Francisco,CA,2026-12-25,1900-01-01T22:30:00Z,2026-12-25T22:30:00Z,2026-12-25T05:00:00Z,1900-01-01T03:30:00Z,2026-12-26T03:30:00Z,1,10:30 pm ET,,,,False
0022600438,2026-12-26,1:00 pm ET,WAS,POR,Capital One Arena,Washington,DC,2026-12-26,1900-01-01T13:00:00Z,2026-12-26T13:00:00Z,2026-12-26T05:00:00Z,1900-01-01T18:00:00Z,2026-12-26T18:00:00Z,1,1:00 pm ET,,,,False
0022600439,2026-12-26,3:30 pm ET,ATL,CHA,State Farm Arena,Atlanta,GA,2026-12-26,1900-01-01T15:30:00Z,2026-12-26T15:30:00Z,2026-12-26T05:00:00Z,1900-01-01T20:30:00Z,2026-12-26T20:30:00Z,1,3:30 pm ET,,,,False
0022600440,2026-12-26,5:00 pm ET,UTA,IND,Delta Center,Salt Lake City,UT,2026-12-26,1900-01-01T17:00:00Z,2026-12-26T17:00:00Z,2026-12-26T05:00:00Z,1900-01-01T22:00:00Z,2026-12-26T22:00:00Z,1,5:00 pm ET,,,,False
0022600441,2026-12-26,6:00 pm ET,BKN,NOP,Barclays Center,Brooklyn,NY,2026-12-26,1900-01-01T18:00:00Z,2026-12-26T18:00:00Z,2026-12-26T05:00:00Z,1900-01-01T23:00:00Z,2026-12-26T23:00:00Z,1,6:00 pm ET,,,,False
0022600442,2026-12-26,7:00 pm ET,ORL,TOR,Kia Center,Orlando,FL,2026-12-26,1900-01-01T19:00:00Z,2026-12-26T19:00:00Z,2026-12-26T05:00:00Z,1900-01-01T00:00:00Z,2026-12-27T00:00:00Z,1,7:00 pm ET,,,,False
0022600443,2026-12-26,8:00 pm ET,CHI,DET,United Center,Chicago,IL,2026-12-26,1900-01-01T20:00:00Z,2026-12-26T20:00:00Z,2026-12-26T05:00:00Z,1900-01-01T01:00:00Z,2026-12-27T01:00:00Z,1,8:00 pm ET,,,,False
0022600444,2026-12-26,8:00 pm ET,DAL,PHX,American Airlines Center,Dallas,TX,2026-12-26,1900-01-01T20:00:00Z,2026-12-26T20:00:00Z,2026-12-26T05:00:00Z,1900-01-01T01:00:00Z,2026-12-27T01:00:00Z,1,8:00 pm ET,,,,False
0022600445,2026-12-26,10:30 pm ET,LAC,MEM,Intuit Dome,Inglewood,CA,2026-12-26,1900-01-01T22:30:00Z,2026-12-26T22:30:00Z,2026-12-26T05:00:00Z,1900-01-01T03:30:00Z,2026-12-27T03:30:00Z,1,10:30 pm ET,,,,False
0022600446,2026-12-27,3:30 pm ET,HOU,OKC,Toyota Center,Houston,TX,2026-12-27,1900-01-01T15:30:00Z,2026-12-27T15:30:00Z,2026-12-27T05:00:00Z,1900-01-01T20:30:00Z,2026-12-27T20:30:00Z,1,3:30 pm ET,,,,False
0022600447,2026-12-27,6:00 pm ET,CLE,WAS,Rocket Arena,Cleveland,OH,2026-12-27,1900-01-01T18:00:00Z,2026-12-27T18:00:00Z,2026-12-27T05:00:00Z,1900-01-01T23:00:00Z,2026-12-27T23:00:00Z,1,6:00 pm ET,,,,False
0022600448,2026-12-27,6:00 pm ET,MIA,CHA,Kaseya Center,Miami,FL,2026-12-27,1900-01-01T18:00:00Z,2026-12-27T18:00:00Z,2026-12-27T05:00:00Z,1900-01-01T23:00:00Z,2026-12-27T23:00:00Z,1,6:00 pm ET,,,,False
0022600449,2026-12-27,6:00 pm ET,NYK,BKN,Madison Square Garden,New York,NY,2026-12-27,1900-01-01T18:00:00Z,2026-12-27T18:00:00Z,2026-12-27T05:00:00Z,1900-01-01T23:00:00Z,2026-12-27T23:00:00Z,1,6:00 pm ET,,,,False
0022600450,2026-12-27,6:00 pm ET,ORL,MIL,Kia Center,Orlando,FL,2026-12-27,1900-01-01T18:00:00Z,2026-12-27T18:00:00Z,2026-12-27T05:00:00Z,1900-01-01T23:00:00Z,2026-12-27T23:00:00Z,1,6:00 pm ET,,,,False
0022600451,2026-12-27,6:00 pm ET,SAC,UTA,Golden 1 Center,Sacramento,CA,2026-12-27,1900-01-01T18:00:00Z,2026-12-27T18:00:00Z,2026-12-27T05:00:00Z,1900-01-01T23:00:00Z,2026-12-27T23:00:00Z,1,6:00 pm ET,,,,False
0022600452,2026-12-27,7:00 pm ET,DET,POR,Little Caesars Arena,Detroit,MI,2026-12-27,1900-01-01T19:00:00Z,2026-12-27T19:00:00Z,2026-12-27T05:00:00Z,1900-01-01T00:00:00Z,2026-12-28T00:00:00Z,1,7:00 pm ET,,,,False
0022600453,2026-12-27,7:00 pm ET,SAS,ATL,Frost Bank Center,San Antonio,TX,2026-12-27,1900-01-01T19:00:00Z,2026-12-27T19:00:00Z,2026-12-27T05:00:00Z,1900-01-01T00:00:00Z,2026-12-28T00:00:00Z,1,7:00 pm ET,,,,False
0022600454,2026-12-27,8:00 pm ET,DEN,IND,Ball Arena,Denver,CO,2026-12-27,1900-01-01T20:00:00Z,2026-12-27T20:00:00Z,2026-12-27T05:00:00Z,1900-01-01T01:00:00Z,2026-12-28T01:00:00Z,1,8:00 pm ET,,,,False
0022600455,2026-12-27,8:30 pm ET,GSW,MIN,Chase Center,San Francisco,CA,2026-12-27,1900-01-01T20:30:00Z,2026-12-27T20:30:00Z,2026-12-27T05:00:00Z,1900-01-01T01:30:00Z,2026-12-28T01:30:00Z,1,8:30 pm ET,,,,False
0022600456,2026-12-27,9:00 pm ET,LAC,PHI,Intuit Dome,Inglewood,CA,2026-12-27,1900-01-01T21:00:00Z,2026-12-27T21:00:00Z,2026-12-27T05:00:00Z,1900-01-01T02:00:00Z,2026-12-28T02:00:00Z,1,9:00 pm ET,,,,False
0022600457,2026-12-27,9:00 pm ET,LAL,MEM,Crypto.com Arena,Los Angeles,CA,2026-12-27,1900-01-01T21:00:00Z,2026-12-27T21:00:00Z,2026-12-27T05:00:00Z,1900-01-01T02:00:00Z,2026-12-28T02:00:00Z,1,9:00 pm ET,,,,False
0022600458,2026-12-28,7:30 pm ET,TOR,NOP,Scotiabank Arena,Toronto,ON,2026-12-28,1900-01-01T19:30:00Z,2026-12-28T19:30:00Z,2026-12-28T05:00:00Z,1900-01-01T00:30:00Z,2026-12-29T00:30:00Z,1,7:30 pm ET,,,,False
0022600459,2026-12-28,8:00 pm ET,BOS,CLE,TD Garden,Boston,MA,2026-12-28,1900-01-01T20:00:00Z,2026-12-28T20:00:00Z,2026-12-28T05:00:00Z,1900-01-01T01:00:00Z,2026-12-29T01:00:00Z,1,8:00 pm ET,,,,False
0022600460,2026-12-28,9:00 pm ET,PHX,GSW,Mortgage Matchup Center,Phoenix,AZ,2026-12-28,1900-01-01T21:00:00Z,2026-12-28T21:00:00Z,2026-12-28T05:00:00Z,1900-01-01T02:00:00Z,2026-12-29T02:00:00Z,1,9:00 pm ET,,,,False
0022600461,2026-12-28,10:30 pm ET,DEN,MIN,Ball Arena,Denver,CO,2026-12-28,1900-01-01T22:30:00Z,2026-12-28T22:30:00Z,2026-12-28T05:00:00Z,1900-01-01T03:30:00Z,2026-12-29T03:30:00Z,1,10:30 pm ET,,,,False
0022600462,2026-12-29,7:00 pm ET,ATL,CHI,State Farm Arena,Atlanta,GA,2026-12-29,1900-01-01T19:00:00Z,2026-12-29T19:00:00Z,2026-12-29T05:00:00Z,1900-01-01T00:00:00Z,2026-12-30T00:00:00Z,1,7:00 pm ET,,,,False
0022600463,2026-12-29,7:00 pm ET,CHA,ORL,Spectrum Center,Charlotte,NC,2026-12-29,1900-01-01T19:00:00Z,2026-12-29T19:00:00Z,2026-12-29T05:00:00Z,1900-01-01T00:00:00Z,2026-12-30T00:00:00Z,1,7:00 pm ET,,,,False
0022600464,2026-12-29,7:00 pm ET,IND,LAC,Gainbridge Fieldhouse,Indianapolis,IN,2026-12-29,1900-01-01T19:00:00Z,2026-12-29T19:00:00Z,2026-12-29T05:00:00Z,1900-01-01T00:00:00Z,2026-12-30T00:00:00Z,1,7:00 pm ET,,,,False
0022600465,2026-12-29,8:00 pm ET,DAL,MIA,American Airlines Center,Dallas,TX,2026-12-29,1900-01-01T20:00:00Z,2026-12-29T20:00:00Z,2026-12-29T05:00:00Z,1900-01-01T01:00:00Z,2026-12-30T01:00:00Z,1,8:00 pm ET,,,,False
0022600466,2026-12-29,8:00 pm ET,MEM,SAS,FedExForum,Memphis,TN,2026-12-29,1900-01-01T20:00:00Z,2026-12-29T20:00:00Z,2026-12-29T05:00:00Z,1900-01-01T01:00:00Z,2026-12-30T01:00:00Z,1,8:00 pm ET,,,,False
0022600467,2026-12-29,8:00 pm ET,OKC,MIL,Paycom Center,Oklahoma City,OK,2026-12-29,1900-01-01T20:00:00Z,2026-12-29T20:00:00Z,2026-12-29T05:00:00Z,1900-01-01T01:00:00Z,2026-12-30T01:00:00Z,1,8:00 pm ET,,,,False
0022600468,2026-12-29,10:00 pm ET,POR,BKN,Moda Center,Portland,OR,2026-12-29,1900-01-01T22:00:00Z,2026-12-29T22:00:00Z,2026-12-29T05:00:00Z,1900-01-01T03:00:00Z,2026-12-30T03:00:00Z,1,10:00 pm ET,,,,False
0022600469,2026-12-29,10:00 pm ET,SAC,PHI,Golden 1 Center,Sacramento,CA,2026-12-29,1900-01-01T22:00:00Z,2026-12-29T22:00:00Z,2026-12-29T05:00:00Z,1900-01-01T03:00:00Z,2026-12-30T03:00:00Z,1,10:00 pm ET,,,,False
0022600470,2026-12-29,10:30 pm ET,LAL,HOU,Crypto.com Arena,Los Angeles,CA,2026-12-29,1900-01-01T22:30:00Z,2026-12-29T22:30:00Z,2026-12-29T05:00:00Z,1900-01-01T03:30:00Z,2026-12-30T03:30:00Z,1,10:30 pm ET,,,,False
0022600471,2026-12-30,7:00 pm ET,DET,NOP,Little Caesars Arena,Detroit,MI,2026-12-30,1900-01-01T19:00:00Z,2026-12-30T19:00:00Z,2026-12-30T05:00:00Z,1900-01-01T00:00:00Z,2026-12-31T00:00:00Z,1,7:00 pm ET,,,,False
0022600472,2026-12-30,7:30 pm ET,TOR,WAS,Scotiabank Arena,Toronto,ON,2026-12-30,1900-01-01T19:30:00Z,2026-12-30T19:30:00Z,2026-12-30T05:00:00Z,1900-01-01T00:30:00Z,2026-12-31T00:30:00Z,1,7:30 pm ET,,,,False
0022600473,2026-12-30,8:00 pm ET,CHI,BOS,United Center,Chicago,IL,2026-12-30,1900-01-01T20:00:00Z,2026-12-30T20:00:00Z,2026-12-30T05:00:00Z,1900-01-01T01:00:00Z,2026-12-31T01:00:00Z,1,8:00 pm ET,,,,False
0022600474,2026-12-30,9:00 pm ET,PHX,PHI,Mortgage Matchup Center,Phoenix,AZ,2026-12-30,1900-01-01T21:00:00Z,2026-12-30T21:00:00Z,2026-12-30T05:00:00Z,1900-01-01T02:00:00Z,2026-12-31T02:00:00Z,1,9:00 pm ET,,,,False
0022600475,2026-12-30,9:00 pm ET,UTA,NYK,Delta Center,Salt Lake City,UT,2026-12-30,1900-01-01T21:00:00Z,2026-12-30T21:00:00Z,2026-12-30T05:00:00Z,1900-01-01T02:00:00Z,2026-12-31T02:00:00Z,1,9:00 pm ET,,,,False
0022600476,2026-12-30,10:00 pm ET,GSW,HOU,Chase Center,San Francisco,CA,2026-12-30,1900-01-01T22:00:00Z,2026-12-30T22:00:00Z,2026-12-30T05:00:00Z,1900-01-01T03:00:00Z,2026-12-31T03:00:00Z,1,10:00 pm ET,,,,False
0022600477,2026-12-31,1:00 pm ET,CHA,SAS,Spectrum Center,Charlotte,NC,2026-12-31,1900-01-01T13:00:00Z,2026-12-31T13:00:00Z,2026-12-31T05:00:00Z,1900-01-01T18:00:00Z,2026-12-31T18:00:00Z,1,1:00 pm ET,,,,False
0022600478,2026-12-31,3:00 pm ET,ATL,MIL,State Farm Arena,Atlanta,GA,2026-12-31,1900-01-01T15:00:00Z,2026-12-31T15:00:00Z,2026-12-31T05:00:00Z,1900-01-01T20:00:00Z,2026-12-31T20:00:00Z,1,3:00 pm ET,,,,False
0022600479,2026-12-31,3:00 pm ET,CLE,LAC,Rocket Arena,Cleveland,OH,2026-12-31,1900-01-01T15:00:00Z,2026-12-31T15:00:00Z,2026-12-31T05:00:00Z,1900-01-01T20:00:00Z,2026-12-31T20:00:00Z,1,3:00 pm ET,,,,False
0022600480,2026-12-31,3:00 pm ET,IND,ORL,Gainbridge Fieldhouse,Indianapolis,IN,2026-12-31,1900-01-01T15:00:00Z,2026-12-31T15:00:00Z,2026-12-31T05:00:00Z,1900-01-01T20:00:00Z,2026-12-31T20:00:00Z,1,3:00 pm ET,,,,False
0022600481,2026-12-31,4:00 pm ET,MIN,DEN,Target Center,Minneapolis,MN,2026-12-31,1900-01-01T16:00:00Z,2026-12-31T16:00:00Z,2026-12-31T05:00:00Z,1900-01-01T21:00:00Z,2026-12-31T21:00:00Z,1,4:00 pm ET,,,,False
0022600482,2026-12-31,6:00 pm ET,SAC,BKN,Golden 1 Center,Sacramento,CA,2026-12-31,1900-01-01T18:00:00Z,2026-12-31T18:00:00Z,2026-12-31T05:00:00Z,1900-01-01T23:00:00Z,2026-12-31T23:00:00Z,1,6:00 pm ET,,,,False
0022600483,2026-12-31,8:00 pm ET,NOP,LAL,Smoothie King Center,New Orleans,LA,2026-12-31,1900-01-01T20:00:00Z,2026-12-31T20:00:00Z,2026-12-31T05:00:00Z,1900-01-01T01:00:00Z,2027-01-01T01:00:00Z,1,8:00 pm ET,,,,False
0022600484,2026-12-31,8:00 pm ET,OKC,MIA,Paycom Center,Oklahoma City,OK,2026-12-31,1900-01-01T20:00:00Z,2026-12-31T20:00:00Z,2026-12-31T05:00:00Z,1900-01-01T01:00:00Z,2027-01-01T01:00:00Z,1,8:00 pm ET,,,,False
0022600485,2026-12-31,9:00 pm ET,PHX,NYK,Mortgage Matchup Center,Phoenix,AZ,2026-12-31,1900-01-01T21:00:00Z,2026-12-31T21:00:00Z,2026-12-31T05:00:00Z,1900-01-01T02:00:00Z,2027-01-01T02:00:00Z,1,9:00 pm ET,,,,False
0022600486,2027-01-01,5:00 pm ET,WAS,SAS,Capital One Arena,Washington,DC,2027-01-01,1900-01-01T17:00:00Z,2027-01-01T17:00:00Z,2027-01-01T05:00:00Z,1900-01-01T22:00:00Z,2027-01-01T22:00:00Z,1,5:00 pm ET,,,,False
0022600487,2027-01-01,7:30 pm ET,DET,ORL,Little Caesars Arena,Detroit,MI,2027-01-01,1900-01-01T19:30:00Z,2027-01-01T19:30:00Z,2027-01-01T05:00:00Z,1900-01-01T00:30:00Z,2027-01-02T00:30:00Z,1,7:30 pm ET,,,,False
0022600488,2027-01-01,7:30 pm ET,TOR,LAC,Scotiabank Arena,Toronto,ON,2027-01-01,1900-01-01T19:30:00Z,2027-01-01T19:30:00Z,2027-01-01T05:00:00Z,1900-01-01T00:30:00Z,2027-01-02T00:30:00Z,1,7:30 pm ET,,,,False
0022600489,2027-01-01,8:00 pm ET,MIL,PHI,Fiserv Forum,Milwaukee,WI,2027-01-01,1900-01-01T20:00:00Z,2027-01-01T20:00:00Z,2027-01-01T05:00:00Z,1900-01-01T01:00:00Z,2027-01-02T01:00:00Z,1,8:00 pm ET,,,,False
0022600490,2027-01-01,8:30 pm ET,HOU,DAL,Toyota Center,Houston,TX,2027-01-01,1900-01-01T20:30:00Z,2027-01-01T20:30:00Z,2027-01-01T05:00:00Z,1900-01-01T01:30:00Z,2027-01-02T01:30:00Z,1,8:30 pm ET,,,,False
0022600491,2027-01-01,9:30 pm ET,UTA,BOS,Delta Center,Salt Lake City,UT,2027-01-01,1900-01-01T21:30:00Z,2027-01-01T21:30:00Z,2027-01-01T05:00:00Z,1900-01-01T02:30:00Z,2027-01-02T02:30:00Z,1,9:30 pm ET,,,,False
0022600492,2027-01-02,1:00 pm ET,CHA,CLE,Spectrum Center,Charlotte,NC,2027-01-02,1900-01-01T13:00:00Z,2027-01-02T13:00:00Z,2027-01-02T05:00:00Z,1900-01-01T18:00:00Z,2027-01-02T18:00:00Z,1,1:00 pm ET,,,,False
0022600493,2027-01-02,5:00 pm ET,DEN,NYK,Ball Arena,Denver,CO,2027-01-02,1900-01-01T17:00:00Z,2027-01-02T17:00:00Z,2027-01-02T05:00:00Z,1900-01-01T22:00:00Z,2027-01-02T22:00:00Z,1,5:00 pm ET,,,,False
0022600494,2027-01-02,7:00 pm ET,IND,MIN,Gainbridge Fieldhouse,Indianapolis,IN,2027-01-02,1900-01-01T19:00:00Z,2027-01-02T19:00:00Z,2027-01-02T05:00:00Z,1900-01-01T00:00:00Z,2027-01-03T00:00:00Z,1,7:00 pm ET,,,,False
0022600495,2027-01-02,7:00 pm ET,NOP,MIA,Smoothie King Center,New Orleans,LA,2027-01-02,1900-01-01T19:00:00Z,2027-01-02T19:00:00Z,2027-01-02T05:00:00Z,1900-01-01T00:00:00Z,2027-01-03T00:00:00Z,1,7:00 pm ET,,,,False
0022600496,2027-01-02,7:30 pm ET,ATL,DAL,State Farm Arena,Atlanta,GA,2027-01-02,1900-01-01T19:30:00Z,2027-01-02T19:30:00Z,2027-01-02T05:00:00Z,1900-01-01T00:30:00Z,2027-01-03T00:30:00Z,1,7:30 pm ET,,,,False
0022600497,2027-01-02,8:00 pm ET,CHI,LAL,United Center,Chicago,IL,2027-01-02,1900-01-01T20:00:00Z,2027-01-02T20:00:00Z,2027-01-02T05:00:00Z,1900-01-01T01:00:00Z,2027-01-03T01:00:00Z,1,8:00 pm ET,,,,False
0022600498,2027-01-02,8:00 pm ET,OKC,UTA,Paycom Center,Oklahoma City,OK,2027-01-02,1900-01-01T20:00:00Z,2027-01-02T20:00:00Z,2027-01-02T05:00:00Z,1900-01-01T01:00:00Z,2027-01-03T01:00:00Z,1,8:00 pm ET,,,,False
0022600499,2027-01-02,8:30 pm ET,GSW,BKN,Chase Center,San Francisco,CA,2027-01-02,1900-01-01T20:30:00Z,2027-01-02T20:30:00Z,2027-01-02T05:00:00Z,1900-01-01T01:30:00Z,2027-01-03T01:30:00Z,1,8:30 pm ET,,,,False
0022600500,2027-01-02,9:00 pm ET,PHX,SAC,Mortgage Matchup Center,Phoenix,AZ,2027-01-02,1900-01-01T21:00:00Z,2027-01-02T21:00:00Z,2027-01-02T05:00:00Z,1900-01-01T02:00:00Z,2027-01-03T02:00:00Z,1,9:00 pm ET,,,,False
0022600501,2027-01-02,10:00 pm ET,POR,BOS,Moda Center,Portland,OR,2027-01-02,1900-01-01T22:00:00Z,2027-01-02T22:00:00Z,2027-01-02T05:00:00Z,1900-01-01T03:00:00Z,2027-01-03T03:00:00Z,1,10:00 pm ET,,,,False
0022600502,2027-01-03,5:00 pm ET,DEN,DET,Ball Arena,Denver,CO,2027-01-03,1900-01-01T17:00:00Z,2027-01-03T17:00:00Z,2027-01-03T05:00:00Z,1900-01-01T22:00:00Z,2027-01-03T22:00:00Z,1,5:00 pm ET,,,,False
0022600503,2027-01-03,5:30 pm ET,MIL,CHA,Fiserv Forum,Milwaukee,WI,2027-01-03,1900-01-01T17:30:00Z,2027-01-03T17:30:00Z,2027-01-03T05:00:00Z,1900-01-01T22:30:00Z,2027-01-03T22:30:00Z,1,5:30 pm ET,,,,False
0022600504,2027-01-03,6:00 pm ET,ORL,MEM,Kia Center,Orlando,FL,2027-01-03,1900-01-01T18:00:00Z,2027-01-03T18:00:00Z,2027-01-03T05:00:00Z,1900-01-01T23:00:00Z,2027-01-03T23:00:00Z,1,6:00 pm ET,,,,False
0022600505,2027-01-03,7:00 pm ET,TOR,LAL,Scotiabank Arena,Toronto,ON,2027-01-03,1900-01-01T19:00:00Z,2027-01-03T19:00:00Z,2027-01-03T05:00:00Z,1900-01-01T00:00:00Z,2027-01-04T00:00:00Z,1,7:00 pm ET,,,,False
0022600506,2027-01-03,7:00 pm ET,WAS,LAC,Capital One Arena,Washington,DC,2027-01-03,1900-01-01T19:00:00Z,2027-01-03T19:00:00Z,2027-01-03T05:00:00Z,1900-01-01T00:00:00Z,2027-01-04T00:00:00Z,1,7:00 pm ET,,,,False
0022600507,2027-01-03,7:00 pm ET,HOU,CLE,Toyota Center,Houston,TX,2027-01-03,1900-01-01T19:00:00Z,2027-01-03T19:00:00Z,2027-01-03T05:00:00Z,1900-01-01T00:00:00Z,2027-01-04T00:00:00Z,1,7:00 pm ET,,,,False
0022600508,2027-01-03,7:00 pm ET,MIN,SAS,Target Center,Minneapolis,MN,2027-01-03,1900-01-01T19:00:00Z,2027-01-03T19:00:00Z,2027-01-03T05:00:00Z,1900-01-01T00:00:00Z,2027-01-04T00:00:00Z,1,7:00 pm ET,,,,False
0022600509,2027-01-03,8:00 pm ET,OKC,SAC,Paycom Center,Oklahoma City,OK,2027-01-03,1900-01-01T20:00:00Z,2027-01-03T20:00:00Z,2027-01-03T05:00:00Z,1900-01-01T01:00:00Z,2027-01-04T01:00:00Z,1,8:00 pm ET,,,,False
0022600510,2027-01-04,7:00 pm ET,IND,CHI,Gainbridge Fieldhouse,Indianapolis,IN,2027-01-04,1900-01-01T19:00:00Z,2027-01-04T19:00:00Z,2027-01-04T05:00:00Z,1900-01-01T00:00:00Z,2027-01-05T00:00:00Z,1,7:00 pm ET,,,,False
0022600511,2027-01-04,7:00 pm ET,PHI,ATL,Xfinity Mobile Arena,Philadelphia,PA,2027-01-04,1900-01-01T19:00:00Z,2027-01-04T19:00:00Z,2027-01-04T05:00:00Z,1900-01-01T00:00:00Z,2027-01-05T00:00:00Z,1,7:00 pm ET,,,,False
0022600512,2027-01-04,8:00 pm ET,NOP,DAL,Smoothie King Center,New Orleans,LA,2027-01-04,1900-01-01T20:00:00Z,2027-01-04T20:00:00Z,2027-01-04T05:00:00Z,1900-01-01T01:00:00Z,2027-01-05T01:00:00Z,1,8:00 pm ET,,,,False
0022600513,2027-01-04,9:00 pm ET,PHX,BOS,Mortgage Matchup Center,Phoenix,AZ,2027-01-04,1900-01-01T21:00:00Z,2027-01-04T21:00:00Z,2027-01-04T05:00:00Z,1900-01-01T02:00:00Z,2027-01-05T02:00:00Z,1,9:00 pm ET,,,,False
0022600514,2027-01-04,9:00 pm ET,UTA,BKN,Delta Center,Salt Lake City,UT,2027-01-04,1900-01-01T21:00:00Z,2027-01-04T21:00:00Z,2027-01-04T05:00:00Z,1900-01-01T02:00:00Z,2027-01-05T02:00:00Z,1,9:00 pm ET,,,,False
0022600515,2027-01-04,10:00 pm ET,POR,NYK,Moda Center,Portland,OR,2027-01-04,1900-01-01T22:00:00Z,2027-01-04T22:00:00Z,2027-01-04T05:00:00Z,1900-01-01T03:00:00Z,2027-01-05T03:00:00Z,1,10:00 pm ET,,,,False
0022600516,2027-01-05,7:00 pm ET,CHA,ATL,Spectrum Center,Charlotte,NC,2027-01-05,1900-01-01T19:00:00Z,2027-01-05T19:00:00Z,2027-01-05T05:00:00Z,1900-01-01T00:00:00Z,2027-01-06T00:00:00Z,1,7:00 pm ET,,,,False
0022600517,2027-01-05,7:00 pm ET,CLE,TOR,Rocket Arena,Cleveland,OH,2027-01-05,1900-01-01T19:00:00Z,2027-01-05T19:00:00Z,2027-01-05T05:00:00Z,1900-01-01T00:00:00Z,2027-01-06T00:00:00Z,1,7:00 pm ET,,,,False
0022600518,2027-01-05,7:00 pm ET,ORL,LAC,Kia Center,Orlando,FL,2027-01-05,1900-01-01T19:00:00Z,2027-01-05T19:00:00Z,2027-01-05T05:00:00Z,1900-01-01T00:00:00Z,2027-01-06T00:00:00Z,1,7:00 pm ET,,,,False
0022600519,2027-01-05,7:00 pm ET,WAS,LAL,Capital One Arena,Washington,DC,2027-01-05,1900-01-01T19:00:00Z,2027-01-05T19:00:00Z,2027-01-05T05:00:00Z,1900-01-01T00:00:00Z,2027-01-06T00:00:00Z,1,7:00 pm ET,,,,False
0022600520,2027-01-05,7:30 pm ET,MIA,MEM,Kaseya Center,Miami,FL,2027-01-05,1900-01-01T19:30:00Z,2027-01-05T19:30:00Z,2027-01-05T05:00:00Z,1900-01-01T00:30:00Z,2027-01-06T00:30:00Z,1,7:30 pm ET,,,,False
0022600521,2027-01-05,8:00 pm ET,CHI,MIL,United Center,Chicago,IL,2027-01-05,1900-01-01T20:00:00Z,2027-01-05T20:00:00Z,2027-01-05T05:00:00Z,1900-01-01T01:00:00Z,2027-01-06T01:00:00Z,1,8:00 pm ET,,,,False
0022600522,2027-01-05,8:00 pm ET,HOU,MIN,Toyota Center,Houston,TX,2027-01-05,1900-01-01T20:00:00Z,2027-01-05T20:00:00Z,2027-01-05T05:00:00Z,1900-01-01T01:00:00Z,2027-01-06T01:00:00Z,1,8:00 pm ET,,,,False
0022600523,2027-01-05,10:00 pm ET,DEN,PHX,Ball Arena,Denver,CO,2027-01-05,1900-01-01T22:00:00Z,2027-01-05T22:00:00Z,2027-01-05T05:00:00Z,1900-01-01T03:00:00Z,2027-01-06T03:00:00Z,1,10:00 pm ET,,,,False
0022600524,2027-01-05,10:00 pm ET,SAC,DET,Golden 1 Center,Sacramento,CA,2027-01-05,1900-01-01T22:00:00Z,2027-01-05T22:00:00Z,2027-01-05T05:00:00Z,1900-01-01T03:00:00Z,2027-01-06T03:00:00Z,1,10:00 pm ET,,,,False
0022600525,2027-01-06,7:30 pm ET,BKN,UTA,Barclays Center,Brooklyn,NY,2027-01-06,1900-01-01T19:30:00Z,2027-01-06T19:30:00Z,2027-01-06T05:00:00Z,1900-01-01T00:30:00Z,2027-01-07T00:30:00Z,1,7:30 pm ET,,,,False
0022600526,2027-01-06,7:30 pm ET,PHI,OKC,Xfinity Mobile Arena,Philadelphia,PA,2027-01-06,1900-01-01T19:30:00Z,2027-01-06T19:30:00Z,2027-01-06T05:00:00Z,1900-01-01T00:30:00Z,2027-01-07T00:30:00Z,1,7:30 pm ET,,,,False
0022600527,2027-01-06,8:00 pm ET,NOP,POR,Smoothie King Center,New Orleans,LA,2027-01-06,1900-01-01T20:00:00Z,2027-01-06T20:00:00Z,2027-01-06T05:00:00Z,1900-01-01T01:00:00Z,2027-01-07T01:00:00Z,1,8:00 pm ET,,,,False
0022600528,2027-01-06,8:00 pm ET,SAS,IND,Frost Bank Center,San Antonio,TX,2027-01-06,1900-01-01T20:00:00Z,2027-01-06T20:00:00Z,2027-01-06T05:00:00Z,1900-01-01T01:00:00Z,2027-01-07T01:00:00Z,1,8:00 pm ET,,,,False
0022600529,2027-01-06,10:00 pm ET,GSW,NYK,Chase Center,San Francisco,CA,2027-01-06,1900-01-01T22:00:00Z,2027-01-06T22:00:00Z,2027-01-06T05:00:00Z,1900-01-01T03:00:00Z,2027-01-07T03:00:00Z,1,10:00 pm ET,,,,False
0022600530,2027-01-07,7:00 pm ET,ATL,IND,State Farm Arena,Atlanta,GA,2027-01-07,1900-01-01T19:00:00Z,2027-01-07T19:00:00Z,2027-01-07T05:00:00Z,1900-01-01T00:00:00Z,2027-01-08T00:00:00Z,1,7:00 pm ET,,,,False
0022600531,2027-01-07,7:00 pm ET,CHA,DEN,Spectrum Center,Charlotte,NC,2027-01-07,1900-01-01T19:00:00Z,2027-01-07T19:00:00Z,2027-01-07T05:00:00Z,1900-01-01T00:00:00Z,2027-01-08T00:00:00Z,1,7:00 pm ET,,,,False
0022600532,2027-01-07,7:00 pm ET,ORL,CLE,Kia Center,Orlando,FL,2027-01-07,1900-01-01T19:00:00Z,2027-01-07T19:00:00Z,2027-01-07T05:00:00Z,1900-01-01T00:00:00Z,2027-01-08T00:00:00Z,1,7:00 pm ET,,,,False
0022600533,2027-01-07,7:00 pm ET,WAS,OKC,Capital One Arena,Washington,DC,2027-01-07,1900-01-01T19:00:00Z,2027-01-07T19:00:00Z,2027-01-07T05:00:00Z,1900-01-01T00:00:00Z,2027-01-08T00:00:00Z,1,7:00 pm ET,,,,False
0022600534,2027-01-07,7:30 pm ET,BKN,MIA,Barclays Center,Brooklyn,NY,2027-01-07,1900-01-01T19:30:00Z,2027-01-07T19:30:00Z,2027-01-07T05:00:00Z,1900-01-01T00:30:00Z,2027-01-08T00:30:00Z,1,7:30 pm ET,,,,False
0022600535,2027-01-07,7:30 pm ET,TOR,MIN,Scotiabank Arena,Toronto,ON,2027-01-07,1900-01-01T19:30:00Z,2027-01-07T19:30:00Z,2027-01-07T05:00:00Z,1900-01-01T00:30:00Z,2027-01-08T00:30:00Z,1,7:30 pm ET,,,,False
0022600536,2027-01-07,8:00 pm ET,DAL,POR,American Airlines Center,Dallas,TX,2027-01-07,1900-01-01T20:00:00Z,2027-01-07T20:00:00Z,2027-01-07T05:00:00Z,1900-01-01T01:00:00Z,2027-01-08T01:00:00Z,1,8:00 pm ET,,,,False
0022600537,2027-01-07,8:00 pm ET,MIL,LAC,Fiserv Forum,Milwaukee,WI,2027-01-07,1900-01-01T20:00:00Z,2027-01-07T20:00:00Z,2027-01-07T05:00:00Z,1900-01-01T01:00:00Z,2027-01-08T01:00:00Z,1,8:00 pm ET,,,,False
0022600538,2027-01-07,8:30 pm ET,HOU,MEM,Toyota Center,Houston,TX,2027-01-07,1900-01-01T20:30:00Z,2027-01-07T20:30:00Z,2027-01-07T05:00:00Z,1900-01-01T01:30:00Z,2027-01-08T01:30:00Z,1,8:30 pm ET,,,,False
0022600539,2027-01-07,10:00 pm ET,GSW,DET,Chase Center,San Francisco,CA,2027-01-07,1900-01-01T22:00:00Z,2027-01-07T22:00:00Z,2027-01-07T05:00:00Z,1900-01-01T03:00:00Z,2027-01-08T03:00:00Z,1,10:00 pm ET,,,,False
0022600540,2027-01-07,10:00 pm ET,LAL,BOS,Crypto.com Arena,Los Angeles,CA,2027-01-07,1900-01-01T22:00:00Z,2027-01-07T22:00:00Z,2027-01-07T05:00:00Z,1900-01-01T03:00:00Z,2027-01-08T03:00:00Z,1,10:00 pm ET,,,,False
0022600541,2027-01-07,10:00 pm ET,SAC,CHI,Golden 1 Center,Sacramento,CA,2027-01-07,1900-01-01T22:00:00Z,2027-01-07T22:00:00Z,2027-01-07T05:00:00Z,1900-01-01T03:00:00Z,2027-01-08T03:00:00Z,1,10:00 pm ET,,,,False
0022600542,2027-01-08,7:00 pm ET,PHI,MIA,Xfinity Mobile Arena,Philadelphia,PA,2027-01-08,1900-01-01T19:00:00Z,2027-01-08T19:00:00Z,2027-01-08T05:00:00Z,1900-01-01T00:00:00Z,2027-01-09T00:00:00Z,1,7:00 pm ET,,,,False
0022600543,2027-01-08,7:00 pm ET,WAS,MIN,Capital One Arena,Washington,DC,2027-01-08,1900-01-01T19:00:00Z,2027-01-08T19:00:00Z,2027-01-08T05:00:00Z,1900-01-01T00:00:00Z,2027-01-09T00:00:00Z,1,7:00 pm ET,,,,False
0022600544,2027-01-08,7:30 pm ET,TOR,UTA,Scotiabank Arena,Toronto,ON,2027-01-08,1900-01-01T19:30:00Z,2027-01-08T19:30:00Z,2027-01-08T05:00:00Z,1900-01-01T00:30:00Z,2027-01-09T00:30:00Z,1,7:30 pm ET,,,,False
0022600545,2027-01-08,8:00 pm ET,NOP,ORL,Smoothie King Center,New Orleans,LA,2027-01-08,1900-01-01T20:00:00Z,2027-01-08T20:00:00Z,2027-01-08T05:00:00Z,1900-01-01T01:00:00Z,2027-01-09T01:00:00Z,1,8:00 pm ET,,,,False
0022600546,2027-01-08,8:00 pm ET,SAS,MEM,Frost Bank Center,San Antonio,TX,2027-01-08,1900-01-01T20:00:00Z,2027-01-08T20:00:00Z,2027-01-08T05:00:00Z,1900-01-01T01:00:00Z,2027-01-09T01:00:00Z,1,8:00 pm ET,,,,False
0022600547,2027-01-08,9:30 pm ET,DAL,PHX,American Airlines Center,Dallas,TX,2027-01-08,1900-01-01T21:30:00Z,2027-01-08T21:30:00Z,2027-01-08T05:00:00Z,1900-01-01T02:30:00Z,2027-01-09T02:30:00Z,1,9:30 pm ET,,,,False
0022600548,2027-01-08,10:00 pm ET,LAL,DET,Crypto.com Arena,Los Angeles,CA,2027-01-08,1900-01-01T22:00:00Z,2027-01-08T22:00:00Z,2027-01-08T05:00:00Z,1900-01-01T03:00:00Z,2027-01-09T03:00:00Z,1,10:00 pm ET,,,,False
0022600549,2027-01-08,10:00 pm ET,SAC,NYK,Golden 1 Center,Sacramento,CA,2027-01-08,1900-01-01T22:00:00Z,2027-01-08T22:00:00Z,2027-01-08T05:00:00Z,1900-01-01T03:00:00Z,2027-01-09T03:00:00Z,1,10:00 pm ET,,,,False
0022600550,2027-01-09,5:00 pm ET,CLE,DEN,Rocket Arena,Cleveland,OH,2027-01-09,1900-01-01T17:00:00Z,2027-01-09T17:00:00Z,2027-01-09T05:00:00Z,1900-01-01T22:00:00Z,2027-01-09T22:00:00Z,1,5:00 pm ET,,,,False
0022600551,2027-01-09,6:00 pm ET,BKN,HOU,Barclays Center,Brooklyn,NY,2027-01-09,1900-01-01T18:00:00Z,2027-01-09T18:00:00Z,2027-01-09T05:00:00Z,1900-01-01T23:00:00Z,2027-01-09T23:00:00Z,1,6:00 pm ET,,,,False
0022600552,2027-01-09,7:00 pm ET,IND,MIL,Gainbridge Fieldhouse,Indianapolis,IN,2027-01-09,1900-01-01T19:00:00Z,2027-01-09T19:00:00Z,2027-01-09T05:00:00Z,1900-01-01T00:00:00Z,2027-01-10T00:00:00Z,1,7:00 pm ET,,,,False
0022600553,2027-01-09,8:30 pm ET,GSW,CHI,Chase Center,San Francisco,CA,2027-01-09,1900-01-01T20:30:00Z,2027-01-09T20:30:00Z,2027-01-09T05:00:00Z,1900-01-01T01:30:00Z,2027-01-10T01:30:00Z,1,8:30 pm ET,,,,False
0022600554,2027-01-09,10:00 pm ET,POR,CHA,Moda Center,Portland,OR,2027-01-09,1900-01-01T22:00:00Z,2027-01-09T22:00:00Z,2027-01-09T05:00:00Z,1900-01-01T03:00:00Z,2027-01-10T03:00:00Z,1,10:00 pm ET,,,,False
0022600555,2027-01-09,10:30 pm ET,LAC,BOS,Intuit Dome,Inglewood,CA,2027-01-09,1900-01-01T22:30:00Z,2027-01-09T22:30:00Z,2027-01-09T05:00:00Z,1900-01-01T03:30:00Z,2027-01-10T03:30:00Z,1,10:30 pm ET,,,,False
0022600556,2027-01-10,3:00 pm ET,ATL,SAS,State Farm Arena,Atlanta,GA,2027-01-10,1900-01-01T15:00:00Z,2027-01-10T15:00:00Z,2027-01-10T05:00:00Z,1900-01-01T20:00:00Z,2027-01-10T20:00:00Z,1,3:00 pm ET,,,,False
0022600557,2027-01-10,6:00 pm ET,DET,UTA,Little Caesars Arena,Detroit,MI,2027-01-10,1900-01-01T18:00:00Z,2027-01-10T18:00:00Z,2027-01-10T05:00:00Z,1900-01-01T23:00:00Z,2027-01-10T23:00:00Z,1,6:00 pm ET,,,,False
0022600558,2027-01-10,6:00 pm ET,MIA,NOP,Kaseya Center,Miami,FL,2027-01-10,1900-01-01T18:00:00Z,2027-01-10T18:00:00Z,2027-01-10T05:00:00Z,1900-01-01T23:00:00Z,2027-01-10T23:00:00Z,1,6:00 pm ET,,,,False
0022600559,2027-01-10,6:00 pm ET,ORL,OKC,Kia Center,Orlando,FL,2027-01-10,1900-01-01T18:00:00Z,2027-01-10T18:00:00Z,2027-01-10T05:00:00Z,1900-01-01T23:00:00Z,2027-01-10T23:00:00Z,1,6:00 pm ET,,,,False
0022600560,2027-01-10,6:00 pm ET,TOR,PHI,Scotiabank Arena,Toronto,ON,2027-01-10,1900-01-01T18:00:00Z,2027-01-10T18:00:00Z,2027-01-10T05:00:00Z,1900-01-01T23:00:00Z,2027-01-10T23:00:00Z,1,6:00 pm ET,,,,False
0022600561,2027-01-10,6:00 pm ET,MEM,DAL,FedExForum,Memphis,TN,2027-01-10,1900-01-01T18:00:00Z,2027-01-10T18:00:00Z,2027-01-10T05:00:00Z,1900-01-01T23:00:00Z,2027-01-10T23:00:00Z,1,6:00 pm ET,,,,False
0022600562,2027-01-10,7:00 pm ET,PHX,CHI,Mortgage Matchup Center,Phoenix,AZ,2027-01-10,1900-01-01T19:00:00Z,2027-01-10T19:00:00Z,2027-01-10T05:00:00Z,1900-01-01T00:00:00Z,2027-01-11T00:00:00Z,1,7:00 pm ET,,,,False
0022600563,2027-01-10,9:00 pm ET,SAC,CHA,Golden 1 Center,Sacramento,CA,2027-01-10,1900-01-01T21:00:00Z,2027-01-10T21:00:00Z,2027-01-10T05:00:00Z,1900-01-01T02:00:00Z,2027-01-11T02:00:00Z,1,9:00 pm ET,,,,False
0022600564,2027-01-11,7:00 pm ET,IND,BKN,Gainbridge Fieldhouse,Indianapolis,IN,2027-01-11,1900-01-01T19:00:00Z,2027-01-11T19:00:00Z,2027-01-11T05:00:00Z,1900-01-01T00:00:00Z,2027-01-12T00:00:00Z,1,7:00 pm ET,,,,False
0022600565,2027-01-11,7:00 pm ET,WAS,ATL,Capital One Arena,Washington,DC,2027-01-11,1900-01-01T19:00:00Z,2027-01-11T19:00:00Z,2027-01-11T05:00:00Z,1900-01-01T00:00:00Z,2027-01-12T00:00:00Z,1,7:00 pm ET,,,,False
0022600566,2027-01-11,7:30 pm ET,BOS,HOU,TD Garden,Boston,MA,2027-01-11,1900-01-01T19:30:00Z,2027-01-11T19:30:00Z,2027-01-11T05:00:00Z,1900-01-01T00:30:00Z,2027-01-12T00:30:00Z,1,7:30 pm ET,,,,False
0022600567,2027-01-11,7:30 pm ET,NYK,DEN,Madison Square Garden,New York,NY,2027-01-11,1900-01-01T19:30:00Z,2027-01-11T19:30:00Z,2027-01-11T05:00:00Z,1900-01-01T00:30:00Z,2027-01-12T00:30:00Z,1,7:30 pm ET,,,,False
0022600568,2027-01-11,8:00 pm ET,MIN,CLE,Target Center,Minneapolis,MN,2027-01-11,1900-01-01T20:00:00Z,2027-01-11T20:00:00Z,2027-01-11T05:00:00Z,1900-01-01T01:00:00Z,2027-01-12T01:00:00Z,1,8:00 pm ET,,,,False
0022600569,2027-01-11,10:00 pm ET,LAC,LAL,Intuit Dome,Inglewood,CA,2027-01-11,1900-01-01T22:00:00Z,2027-01-11T22:00:00Z,2027-01-11T05:00:00Z,1900-01-01T03:00:00Z,2027-01-12T03:00:00Z,1,10:00 pm ET,,,,False
0022600570,2027-01-12,7:30 pm ET,MIA,BKN,Kaseya Center,Miami,FL,2027-01-12,1900-01-01T19:30:00Z,2027-01-12T19:30:00Z,2027-01-12T05:00:00Z,1900-01-01T00:30:00Z,2027-01-13T00:30:00Z,1,7:30 pm ET,,,,False
0022600571,2027-01-12,7:30 pm ET,TOR,DET,Scotiabank Arena,Toronto,ON,2027-01-12,1900-01-01T19:30:00Z,2027-01-12T19:30:00Z,2027-01-12T05:00:00Z,1900-01-01T00:30:00Z,2027-01-13T00:30:00Z,1,7:30 pm ET,,,,False
0022600572,2027-01-12,8:00 pm ET,PHI,WAS,Xfinity Mobile Arena,Philadelphia,PA,2027-01-12,1900-01-01T20:00:00Z,2027-01-12T20:00:00Z,2027-01-12T05:00:00Z,1900-01-01T01:00:00Z,2027-01-13T01:00:00Z,1,8:00 pm ET,,,,False
0022600573,2027-01-12,8:00 pm ET,MEM,DAL,FedExForum,Memphis,TN,2027-01-12,1900-01-01T20:00:00Z,2027-01-12T20:00:00Z,2027-01-12T05:00:00Z,1900-01-01T01:00:00Z,2027-01-13T01:00:00Z,1,8:00 pm ET,,,,False
0022600574,2027-01-12,8:00 pm ET,MIL,DEN,Fiserv Forum,Milwaukee,WI,2027-01-12,1900-01-01T20:00:00Z,2027-01-12T20:00:00Z,2027-01-12T05:00:00Z,1900-01-01T01:00:00Z,2027-01-13T01:00:00Z,1,8:00 pm ET,,,,False
0022600575,2027-01-12,9:00 pm ET,UTA,CHI,Delta Center,Salt Lake City,UT,2027-01-12,1900-01-01T21:00:00Z,2027-01-12T21:00:00Z,2027-01-12T05:00:00Z,1900-01-01T02:00:00Z,2027-01-13T02:00:00Z,1,9:00 pm ET,,,,False
0022600576,2027-01-12,10:00 pm ET,POR,ORL,Moda Center,Portland,OR,2027-01-12,1900-01-01T22:00:00Z,2027-01-12T22:00:00Z,2027-01-12T05:00:00Z,1900-01-01T03:00:00Z,2027-01-13T03:00:00Z,1,10:00 pm ET,,,,False
0022600577,2027-01-12,11:00 pm ET,GSW,SAC,Chase Center,San Francisco,CA,2027-01-12,1900-01-01T23:00:00Z,2027-01-12T23:00:00Z,2027-01-12T05:00:00Z,1900-01-01T04:00:00Z,2027-01-13T04:00:00Z,1,11:00 pm ET,,,,False
0022600578,2027-01-13,7:00 pm ET,ATL,CLE,State Farm Arena,Atlanta,GA,2027-01-13,1900-01-01T19:00:00Z,2027-01-13T19:00:00Z,2027-01-13T05:00:00Z,1900-01-01T00:00:00Z,2027-01-14T00:00:00Z,1,7:00 pm ET,,,,False
0022600579,2027-01-13,7:00 pm ET,BOS,NYK,TD Garden,Boston,MA,2027-01-13,1900-01-01T19:00:00Z,2027-01-13T19:00:00Z,2027-01-13T05:00:00Z,1900-01-01T00:00:00Z,2027-01-14T00:00:00Z,1,7:00 pm ET,,,,False
0022600580,2027-01-13,7:00 pm ET,IND,MIL,Gainbridge Fieldhouse,Indianapolis,IN,2027-01-13,1900-01-01T19:00:00Z,2027-01-13T19:00:00Z,2027-01-13T05:00:00Z,1900-01-01T00:00:00Z,2027-01-14T00:00:00Z,1,7:00 pm ET,,,,False
0022600581,2027-01-13,7:30 pm ET,TOR,PHX,Scotiabank Arena,Toronto,ON,2027-01-13,1900-01-01T19:30:00Z,2027-01-13T19:30:00Z,2027-01-13T05:00:00Z,1900-01-01T00:30:00Z,2027-01-14T00:30:00Z,1,7:30 pm ET,,,,False
0022600582,2027-01-13,9:30 pm ET,OKC,HOU,Paycom Center,Oklahoma City,OK,2027-01-13,1900-01-01T21:30:00Z,2027-01-13T21:30:00Z,2027-01-13T05:00:00Z,1900-01-01T02:30:00Z,2027-01-14T02:30:00Z,1,9:30 pm ET,,,,False
0022600583,2027-01-13,10:00 pm ET,GSW,CHA,Chase Center,San Francisco,CA,2027-01-13,1900-01-01T22:00:00Z,2027-01-13T22:00:00Z,2027-01-13T05:00:00Z,1900-01-01T03:00:00Z,2027-01-14T03:00:00Z,1,10:00 pm ET,,,,False
0022600584,2027-01-13,10:00 pm ET,POR,LAL,Moda Center,Portland,OR,2027-01-13,1900-01-01T22:00:00Z,2027-01-13T22:00:00Z,2027-01-13T05:00:00Z,1900-01-01T03:00:00Z,2027-01-14T03:00:00Z,1,10:00 pm ET,,,,False
0022600075,2027-01-14,2:00 pm ET,SAS,NOP,Accor Arena,Paris,FR,2027-01-14,1900-01-01T14:00:00Z,2027-01-14T14:00:00Z,2027-01-14T05:00:00Z,1900-01-01T19:00:00Z,2027-01-14T19:00:00Z,1,2:00 pm ET,Global Games,NBA Paris Game,,True
0022600585,2027-01-14,7:00 pm ET,DET,DAL,Little Caesars Arena,Detroit,MI,2027-01-14,1900-01-01T19:00:00Z,2027-01-14T19:00:00Z,2027-01-14T05:00:00Z,1900-01-01T00:00:00Z,2027-01-15T00:00:00Z,1,7:00 pm ET,,,,False
0022600586,2027-01-14,7:00 pm ET,PHI,BKN,Xfinity Mobile Arena,Philadelphia,PA,2027-01-14,1900-01-01T19:00:00Z,2027-01-14T19:00:00Z,2027-01-14T05:00:00Z,1900-01-01T00:00:00Z,2027-01-15T00:00:00Z,1,7:00 pm ET,,,,False
0022600587,2027-01-14,7:30 pm ET,NYK,MIA,Madison Square Garden,New York,NY,2027-01-14,1900-01-01T19:30:00Z,2027-01-14T19:30:00Z,2027-01-14T05:00:00Z,1900-01-01T00:30:00Z,2027-01-15T00:30:00Z,1,7:30 pm ET,,,,False
0022600588,2027-01-14,8:00 pm ET,CHI,MIN,United Center,Chicago,IL,2027-01-14,1900-01-01T20:00:00Z,2027-01-14T20:00:00Z,2027-01-14T05:00:00Z,1900-01-01T01:00:00Z,2027-01-15T01:00:00Z,1,8:00 pm ET,,,,False
0022600589,2027-01-14,9:00 pm ET,DEN,MEM,Ball Arena,Denver,CO,2027-01-14,1900-01-01T21:00:00Z,2027-01-14T21:00:00Z,2027-01-14T05:00:00Z,1900-01-01T02:00:00Z,2027-01-15T02:00:00Z,1,9:00 pm ET,,,,False
0022600590,2027-01-14,9:00 pm ET,UTA,CHA,Delta Center,Salt Lake City,UT,2027-01-14,1900-01-01T21:00:00Z,2027-01-14T21:00:00Z,2027-01-14T05:00:00Z,1900-01-01T02:00:00Z,2027-01-15T02:00:00Z,1,9:00 pm ET,,,,False
0022600591,2027-01-14,10:00 pm ET,LAL,ORL,Crypto.com Arena,Los Angeles,CA,2027-01-14,1900-01-01T22:00:00Z,2027-01-14T22:00:00Z,2027-01-14T05:00:00Z,1900-01-01T03:00:00Z,2027-01-15T03:00:00Z,1,10:00 pm ET,,,,False
0022600592,2027-01-14,10:00 pm ET,SAC,LAC,Golden 1 Center,Sacramento,CA,2027-01-14,1900-01-01T22:00:00Z,2027-01-14T22:00:00Z,2027-01-14T05:00:00Z,1900-01-01T03:00:00Z,2027-01-15T03:00:00Z,1,10:00 pm ET,,,,False
0022600593,2027-01-15,7:00 pm ET,ATL,GSW,State Farm Arena,Atlanta,GA,2027-01-15,1900-01-01T19:00:00Z,2027-01-15T19:00:00Z,2027-01-15T05:00:00Z,1900-01-01T00:00:00Z,2027-01-16T00:00:00Z,1,7:00 pm ET,,,,False
0022600594,2027-01-15,7:00 pm ET,IND,PHX,Gainbridge Fieldhouse,Indianapolis,IN,2027-01-15,1900-01-01T19:00:00Z,2027-01-15T19:00:00Z,2027-01-15T05:00:00Z,1900-01-01T00:00:00Z,2027-01-16T00:00:00Z,1,7:00 pm ET,,,,False
0022600595,2027-01-15,7:30 pm ET,TOR,MIA,Scotiabank Arena,Toronto,ON,2027-01-15,1900-01-01T19:30:00Z,2027-01-15T19:30:00Z,2027-01-15T05:00:00Z,1900-01-01T00:30:00Z,2027-01-16T00:30:00Z,1,7:30 pm ET,,,,False
0022600596,2027-01-15,8:00 pm ET,MIL,CLE,Fiserv Forum,Milwaukee,WI,2027-01-15,1900-01-01T20:00:00Z,2027-01-15T20:00:00Z,2027-01-15T05:00:00Z,1900-01-01T01:00:00Z,2027-01-16T01:00:00Z,1,8:00 pm ET,,,,False
0022600597,2027-01-15,8:00 pm ET,OKC,UTA,Paycom Center,Oklahoma City,OK,2027-01-15,1900-01-01T20:00:00Z,2027-01-15T20:00:00Z,2027-01-15T05:00:00Z,1900-01-01T01:00:00Z,2027-01-16T01:00:00Z,1,8:00 pm ET,,,,False
0022600598,2027-01-15,8:30 pm ET,HOU,WAS,Toyota Center,Houston,TX,2027-01-15,1900-01-01T20:30:00Z,2027-01-15T20:30:00Z,2027-01-15T05:00:00Z,1900-01-01T01:30:00Z,2027-01-16T01:30:00Z,1,8:30 pm ET,,,,False
0022600599,2027-01-15,10:00 pm ET,POR,SAC,Moda Center,Portland,OR,2027-01-15,1900-01-01T22:00:00Z,2027-01-15T22:00:00Z,2027-01-15T05:00:00Z,1900-01-01T03:00:00Z,2027-01-16T03:00:00Z,1,10:00 pm ET,,,,False
0022600600,2027-01-15,10:30 pm ET,LAC,ORL,Intuit Dome,Inglewood,CA,2027-01-15,1900-01-01T22:30:00Z,2027-01-15T22:30:00Z,2027-01-15T05:00:00Z,1900-01-01T03:30:00Z,2027-01-16T03:30:00Z,1,10:30 pm ET,,,,False
0022600601,2027-01-16,12:30 pm ET,PHI,MIN,Xfinity Mobile Arena,Philadelphia,PA,2027-01-16,1900-01-01T12:30:00Z,2027-01-16T12:30:00Z,2027-01-16T05:00:00Z,1900-01-01T17:30:00Z,2027-01-16T17:30:00Z,1,12:30 pm ET,,,,False
0022600602,2027-01-16,7:00 pm ET,BOS,BKN,TD Garden,Boston,MA,2027-01-16,1900-01-01T19:00:00Z,2027-01-16T19:00:00Z,2027-01-16T05:00:00Z,1900-01-01T00:00:00Z,2027-01-17T00:00:00Z,1,7:00 pm ET,,,,False
0022600603,2027-01-16,7:30 pm ET,NYK,DAL,Madison Square Garden,New York,NY,2027-01-16,1900-01-01T19:30:00Z,2027-01-16T19:30:00Z,2027-01-16T05:00:00Z,1900-01-01T00:30:00Z,2027-01-17T00:30:00Z,1,7:30 pm ET,,,,False
0022600604,2027-01-16,8:00 pm ET,MEM,CLE,FedExForum,Memphis,TN,2027-01-16,1900-01-01T20:00:00Z,2027-01-16T20:00:00Z,2027-01-16T05:00:00Z,1900-01-01T01:00:00Z,2027-01-17T01:00:00Z,1,8:00 pm ET,,,,False
0022600605,2027-01-16,8:30 pm ET,HOU,DET,Toyota Center,Houston,TX,2027-01-16,1900-01-01T20:30:00Z,2027-01-16T20:30:00Z,2027-01-16T05:00:00Z,1900-01-01T01:30:00Z,2027-01-17T01:30:00Z,1,8:30 pm ET,,,,False
0022600606,2027-01-16,9:00 pm ET,DEN,CHA,Ball Arena,Denver,CO,2027-01-16,1900-01-01T21:00:00Z,2027-01-16T21:00:00Z,2027-01-16T05:00:00Z,1900-01-01T02:00:00Z,2027-01-17T02:00:00Z,1,9:00 pm ET,,,,False
0022600076,2027-01-17,10:30 am ET,NOP,SAS,Co-op Live,Manchester,,2027-01-17,1900-01-01T10:30:00Z,2027-01-17T10:30:00Z,2027-01-17T05:00:00Z,1900-01-01T15:30:00Z,2027-01-17T15:30:00Z,1,10:30 am ET,Global Games,NBA Manchester Game,,True
0022600607,2027-01-17,1:00 pm ET,WAS,IND,Capital One Arena,Washington,DC,2027-01-17,1900-01-01T13:00:00Z,2027-01-17T13:00:00Z,2027-01-17T05:00:00Z,1900-01-01T18:00:00Z,2027-01-17T18:00:00Z,1,1:00 pm ET,,,,False
0022600608,2027-01-17,3:30 pm ET,CHI,TOR,United Center,Chicago,IL,2027-01-17,1900-01-01T15:30:00Z,2027-01-17T15:30:00Z,2027-01-17T05:00:00Z,1900-01-01T20:30:00Z,2027-01-17T20:30:00Z,1,3:30 pm ET,,,,False
0022600609,2027-01-17,3:30 pm ET,OKC,POR,Paycom Center,Oklahoma City,OK,2027-01-17,1900-01-01T15:30:00Z,2027-01-17T15:30:00Z,2027-01-17T05:00:00Z,1900-01-01T20:30:00Z,2027-01-17T20:30:00Z,1,3:30 pm ET,,,,False
0022600610,2027-01-17,5:00 pm ET,UTA,SAC,Delta Center,Salt Lake City,UT,2027-01-17,1900-01-01T17:00:00Z,2027-01-17T17:00:00Z,2027-01-17T05:00:00Z,1900-01-01T22:00:00Z,2027-01-17T22:00:00Z,1,5:00 pm ET,,,,False
0022600611,2027-01-17,6:00 pm ET,MIA,GSW,Kaseya Center,Miami,FL,2027-01-17,1900-01-01T18:00:00Z,2027-01-17T18:00:00Z,2027-01-17T05:00:00Z,1900-01-01T23:00:00Z,2027-01-17T23:00:00Z,1,6:00 pm ET,,,,False
0022600612,2027-01-17,8:00 pm ET,DEN,ORL,Ball Arena,Denver,CO,2027-01-17,1900-01-01T20:00:00Z,2027-01-17T20:00:00Z,2027-01-17T05:00:00Z,1900-01-01T01:00:00Z,2027-01-18T01:00:00Z,1,8:00 pm ET,,,,False
0022600613,2027-01-17,9:00 pm ET,LAL,MIL,Crypto.com Arena,Los Angeles,CA,2027-01-17,1900-01-01T21:00:00Z,2027-01-17T21:00:00Z,2027-01-17T05:00:00Z,1900-01-01T02:00:00Z,2027-01-18T02:00:00Z,1,9:00 pm ET,,,,False
0022600077,2027-01-18,12:00 pm ET,CLE,DET,Rocket Arena,Cleveland,OH,2027-01-18,1900-01-01T12:00:00Z,2027-01-18T12:00:00Z,2027-01-18T05:00:00Z,1900-01-01T17:00:00Z,2027-01-18T17:00:00Z,1,12:00 pm ET,,,,False
0022600078,2027-01-18,2:30 pm ET,ATL,PHI,State Farm Arena,Atlanta,GA,2027-01-18,1900-01-01T14:30:00Z,2027-01-18T14:30:00Z,2027-01-18T05:00:00Z,1900-01-01T19:30:00Z,2027-01-18T19:30:00Z,1,2:30 pm ET,,,,False
0022600614,2027-01-18,3:00 pm ET,WAS,BOS,Capital One Arena,Washington,DC,2027-01-18,1900-01-01T15:00:00Z,2027-01-18T15:00:00Z,2027-01-18T05:00:00Z,1900-01-01T20:00:00Z,2027-01-18T20:00:00Z,1,3:00 pm ET,,,,False
0022600079,2027-01-18,5:00 pm ET,NYK,MIN,Madison Square Garden,New York,NY,2027-01-18,1900-01-01T17:00:00Z,2027-01-18T17:00:00Z,2027-01-18T05:00:00Z,1900-01-01T22:00:00Z,2027-01-18T22:00:00Z,1,5:00 pm ET,,,,False
0022600080,2027-01-18,7:30 pm ET,MEM,HOU,FedExForum,Memphis,TN,2027-01-18,1900-01-01T19:30:00Z,2027-01-18T19:30:00Z,2027-01-18T05:00:00Z,1900-01-01T00:30:00Z,2027-01-19T00:30:00Z,1,7:30 pm ET,,,,False
0022600615,2027-01-18,8:00 pm ET,DAL,OKC,American Airlines Center,Dallas,TX,2027-01-18,1900-01-01T20:00:00Z,2027-01-18T20:00:00Z,2027-01-18T05:00:00Z,1900-01-01T01:00:00Z,2027-01-19T01:00:00Z,1,8:00 pm ET,,,,False
0022600616,2027-01-18,10:30 pm ET,LAC,PHX,Intuit Dome,Inglewood,CA,2027-01-18,1900-01-01T22:30:00Z,2027-01-18T22:30:00Z,2027-01-18T05:00:00Z,1900-01-01T03:30:00Z,2027-01-19T03:30:00Z,1,10:30 pm ET,,,,False
0022600617,2027-01-19,7:00 pm ET,ORL,GSW,Kia Center,Orlando,FL,2027-01-19,1900-01-01T19:00:00Z,2027-01-19T19:00:00Z,2027-01-19T05:00:00Z,1900-01-01T00:00:00Z,2027-01-20T00:00:00Z,1,7:00 pm ET,,,,False
0022600618,2027-01-19,7:00 pm ET,PHI,IND,Xfinity Mobile Arena,Philadelphia,PA,2027-01-19,1900-01-01T19:00:00Z,2027-01-19T19:00:00Z,2027-01-19T05:00:00Z,1900-01-01T00:00:00Z,2027-01-20T00:00:00Z,1,7:00 pm ET,,,,False
0022600619,2027-01-19,7:00 pm ET,TOR,CHI,Scotiabank Arena,Toronto,ON,2027-01-19,1900-01-01T19:00:00Z,2027-01-19T19:00:00Z,2027-01-19T05:00:00Z,1900-01-01T00:00:00Z,2027-01-20T00:00:00Z,1,7:00 pm ET,,,,False
0022600620,2027-01-19,7:30 pm ET,MIA,POR,Kaseya Center,Miami,FL,2027-01-19,1900-01-01T19:30:00Z,2027-01-19T19:30:00Z,2027-01-19T05:00:00Z,1900-01-01T00:30:00Z,2027-01-20T00:30:00Z,1,7:30 pm ET,,,,False
0022600621,2027-01-19,8:00 pm ET,DAL,CHA,American Airlines Center,Dallas,TX,2027-01-19,1900-01-01T20:00:00Z,2027-01-19T20:00:00Z,2027-01-19T05:00:00Z,1900-01-01T01:00:00Z,2027-01-20T01:00:00Z,1,8:00 pm ET,,,,False
0022600622,2027-01-19,10:00 pm ET,DEN,UTA,Ball Arena,Denver,CO,2027-01-19,1900-01-01T22:00:00Z,2027-01-19T22:00:00Z,2027-01-19T05:00:00Z,1900-01-01T03:00:00Z,2027-01-20T03:00:00Z,1,10:00 pm ET,,,,False
0022600623,2027-01-19,10:00 pm ET,SAC,LAL,Golden 1 Center,Sacramento,CA,2027-01-19,1900-01-01T22:00:00Z,2027-01-19T22:00:00Z,2027-01-19T05:00:00Z,1900-01-01T03:00:00Z,2027-01-20T03:00:00Z,1,10:00 pm ET,,,,False
0022600624,2027-01-20,7:00 pm ET,ATL,POR,State Farm Arena,Atlanta,GA,2027-01-20,1900-01-01T19:00:00Z,2027-01-20T19:00:00Z,2027-01-20T05:00:00Z,1900-01-01T00:00:00Z,2027-01-21T00:00:00Z,1,7:00 pm ET,,,,False
0022600625,2027-01-20,7:00 pm ET,BKN,CHI,Barclays Center,Brooklyn,NY,2027-01-20,1900-01-01T19:00:00Z,2027-01-20T19:00:00Z,2027-01-20T05:00:00Z,1900-01-01T00:00:00Z,2027-01-21T00:00:00Z,1,7:00 pm ET,,,,False
0022600626,2027-01-20,7:30 pm ET,BOS,IND,TD Garden,Boston,MA,2027-01-20,1900-01-01T19:30:00Z,2027-01-20T19:30:00Z,2027-01-20T05:00:00Z,1900-01-01T00:30:00Z,2027-01-21T00:30:00Z,1,7:30 pm ET,,,,False
0022600627,2027-01-20,7:30 pm ET,NYK,TOR,Madison Square Garden,New York,NY,2027-01-20,1900-01-01T19:30:00Z,2027-01-20T19:30:00Z,2027-01-20T05:00:00Z,1900-01-01T00:30:00Z,2027-01-21T00:30:00Z,1,7:30 pm ET,,,,False
0022600628,2027-01-20,8:00 pm ET,MIN,HOU,Target Center,Minneapolis,MN,2027-01-20,1900-01-01T20:00:00Z,2027-01-20T20:00:00Z,2027-01-20T05:00:00Z,1900-01-01T01:00:00Z,2027-01-21T01:00:00Z,1,8:00 pm ET,,,,False
0022600629,2027-01-20,8:00 pm ET,NOP,OKC,Smoothie King Center,New Orleans,LA,2027-01-20,1900-01-01T20:00:00Z,2027-01-20T20:00:00Z,2027-01-20T05:00:00Z,1900-01-01T01:00:00Z,2027-01-21T01:00:00Z,1,8:00 pm ET,,,,False
0022600630,2027-01-20,9:00 pm ET,PHX,MEM,Mortgage Matchup Center,Phoenix,AZ,2027-01-20,1900-01-01T21:00:00Z,2027-01-20T21:00:00Z,2027-01-20T05:00:00Z,1900-01-01T02:00:00Z,2027-01-21T02:00:00Z,1,9:00 pm ET,,,,False
0022600631,2027-01-20,9:00 pm ET,UTA,LAC,Delta Center,Salt Lake City,UT,2027-01-20,1900-01-01T21:00:00Z,2027-01-20T21:00:00Z,2027-01-20T05:00:00Z,1900-01-01T02:00:00Z,2027-01-21T02:00:00Z,1,9:00 pm ET,,,,False
0022600632,2027-01-20,9:30 pm ET,SAS,MIA,Frost Bank Center,San Antonio,TX,2027-01-20,1900-01-01T21:30:00Z,2027-01-20T21:30:00Z,2027-01-20T05:00:00Z,1900-01-01T02:30:00Z,2027-01-21T02:30:00Z,1,9:30 pm ET,,,,False
0022600633,2027-01-20,10:00 pm ET,SAC,MIL,Golden 1 Center,Sacramento,CA,2027-01-20,1900-01-01T22:00:00Z,2027-01-20T22:00:00Z,2027-01-20T05:00:00Z,1900-01-01T03:00:00Z,2027-01-21T03:00:00Z,1,10:00 pm ET,,,,False
0022600634,2027-01-21,7:30 pm ET,BOS,PHI,TD Garden,Boston,MA,2027-01-21,1900-01-01T19:30:00Z,2027-01-21T19:30:00Z,2027-01-21T05:00:00Z,1900-01-01T00:30:00Z,2027-01-22T00:30:00Z,1,7:30 pm ET,,,,False
0022600635,2027-01-21,7:30 pm ET,BKN,CLE,Barclays Center,Brooklyn,NY,2027-01-21,1900-01-01T19:30:00Z,2027-01-21T19:30:00Z,2027-01-21T05:00:00Z,1900-01-01T00:30:00Z,2027-01-22T00:30:00Z,1,7:30 pm ET,,,,False
0022600636,2027-01-21,9:00 pm ET,DEN,WAS,Ball Arena,Denver,CO,2027-01-21,1900-01-01T21:00:00Z,2027-01-21T21:00:00Z,2027-01-21T05:00:00Z,1900-01-01T02:00:00Z,2027-01-22T02:00:00Z,1,9:00 pm ET,,,,False
0022600637,2027-01-21,10:00 pm ET,GSW,LAL,Chase Center,San Francisco,CA,2027-01-21,1900-01-01T22:00:00Z,2027-01-21T22:00:00Z,2027-01-21T05:00:00Z,1900-01-01T03:00:00Z,2027-01-22T03:00:00Z,1,10:00 pm ET,,,,False
0022600638,2027-01-22,7:00 pm ET,ATL,NYK,State Farm Arena,Atlanta,GA,2027-01-22,1900-01-01T19:00:00Z,2027-01-22T19:00:00Z,2027-01-22T05:00:00Z,1900-01-01T00:00:00Z,2027-01-23T00:00:00Z,1,7:00 pm ET,,,,False
0022600639,2027-01-22,7:00 pm ET,CHA,HOU,Spectrum Center,Charlotte,NC,2027-01-22,1900-01-01T19:00:00Z,2027-01-22T19:00:00Z,2027-01-22T05:00:00Z,1900-01-01T00:00:00Z,2027-01-23T00:00:00Z,1,7:00 pm ET,,,,False
0022600640,2027-01-22,7:00 pm ET,ORL,POR,Kia Center,Orlando,FL,2027-01-22,1900-01-01T19:00:00Z,2027-01-22T19:00:00Z,2027-01-22T05:00:00Z,1900-01-01T00:00:00Z,2027-01-23T00:00:00Z,1,7:00 pm ET,,,,False
0022600641,2027-01-22,7:30 pm ET,DET,IND,Little Caesars Arena,Detroit,MI,2027-01-22,1900-01-01T19:30:00Z,2027-01-22T19:30:00Z,2027-01-22T05:00:00Z,1900-01-01T00:30:00Z,2027-01-23T00:30:00Z,1,7:30 pm ET,,,,False
0022600642,2027-01-22,8:00 pm ET,NOP,DAL,Smoothie King Center,New Orleans,LA,2027-01-22,1900-01-01T20:00:00Z,2027-01-22T20:00:00Z,2027-01-22T05:00:00Z,1900-01-01T01:00:00Z,2027-01-23T01:00:00Z,1,8:00 pm ET,,,,False
0022600643,2027-01-22,8:00 pm ET,OKC,MEM,Paycom Center,Oklahoma City,OK,2027-01-22,1900-01-01T20:00:00Z,2027-01-22T20:00:00Z,2027-01-22T05:00:00Z,1900-01-01T01:00:00Z,2027-01-23T01:00:00Z,1,8:00 pm ET,,,,False
0022600644,2027-01-22,9:00 pm ET,PHX,UTA,Mortgage Matchup Center,Phoenix,AZ,2027-01-22,1900-01-01T21:00:00Z,2027-01-22T21:00:00Z,2027-01-22T05:00:00Z,1900-01-01T02:00:00Z,2027-01-23T02:00:00Z,1,9:00 pm ET,,,,False
0022600645,2027-01-22,9:30 pm ET,SAS,MIN,Frost Bank Center,San Antonio,TX,2027-01-22,1900-01-01T21:30:00Z,2027-01-22T21:30:00Z,2027-01-22T05:00:00Z,1900-01-01T02:30:00Z,2027-01-23T02:30:00Z,1,9:30 pm ET,,,,False
0022600646,2027-01-22,10:00 pm ET,GSW,MIL,Chase Center,San Francisco,CA,2027-01-22,1900-01-01T22:00:00Z,2027-01-22T22:00:00Z,2027-01-22T05:00:00Z,1900-01-01T03:00:00Z,2027-01-23T03:00:00Z,1,10:00 pm ET,,,,False
0022600647,2027-01-22,10:00 pm ET,LAL,SAC,Crypto.com Arena,Los Angeles,CA,2027-01-22,1900-01-01T22:00:00Z,2027-01-22T22:00:00Z,2027-01-22T05:00:00Z,1900-01-01T03:00:00Z,2027-01-23T03:00:00Z,1,10:00 pm ET,,,,False
0022600648,2027-01-22,10:30 pm ET,LAC,WAS,Intuit Dome,Inglewood,CA,2027-01-22,1900-01-01T22:30:00Z,2027-01-22T22:30:00Z,2027-01-22T05:00:00Z,1900-01-01T03:30:00Z,2027-01-23T03:30:00Z,1,10:30 pm ET,,,,False
0022600649,2027-01-23,5:00 pm ET,CHI,PHI,United Center,Chicago,IL,2027-01-23,1900-01-01T17:00:00Z,2027-01-23T17:00:00Z,2027-01-23T05:00:00Z,1900-01-01T22:00:00Z,2027-01-23T22:00:00Z,1,5:00 pm ET,,,,False
0022600650,2027-01-23,6:00 pm ET,BKN,TOR,Barclays Center,Brooklyn,NY,2027-01-23,1900-01-01T18:00:00Z,2027-01-23T18:00:00Z,2027-01-23T05:00:00Z,1900-01-01T23:00:00Z,2027-01-23T23:00:00Z,1,6:00 pm ET,,,,False
0022600651,2027-01-23,7:00 pm ET,BOS,CHA,TD Garden,Boston,MA,2027-01-23,1900-01-01T19:00:00Z,2027-01-23T19:00:00Z,2027-01-23T05:00:00Z,1900-01-01T00:00:00Z,2027-01-24T00:00:00Z,1,7:00 pm ET,,,,False
0022600652,2027-01-23,8:00 pm ET,MIA,ATL,Kaseya Center,Miami,FL,2027-01-23,1900-01-01T20:00:00Z,2027-01-23T20:00:00Z,2027-01-23T05:00:00Z,1900-01-01T01:00:00Z,2027-01-24T01:00:00Z,1,8:00 pm ET,,,,False
0022600653,2027-01-23,8:00 pm ET,DAL,CLE,American Airlines Center,Dallas,TX,2027-01-23,1900-01-01T20:00:00Z,2027-01-23T20:00:00Z,2027-01-23T05:00:00Z,1900-01-01T01:00:00Z,2027-01-24T01:00:00Z,1,8:00 pm ET,,,,False
0022600654,2027-01-23,9:00 pm ET,DEN,MIL,Ball Arena,Denver,CO,2027-01-23,1900-01-01T21:00:00Z,2027-01-23T21:00:00Z,2027-01-23T05:00:00Z,1900-01-01T02:00:00Z,2027-01-24T02:00:00Z,1,9:00 pm ET,,,,False
0022600655,2027-01-24,3:30 pm ET,SAS,POR,Frost Bank Center,San Antonio,TX,2027-01-24,1900-01-01T15:30:00Z,2027-01-24T15:30:00Z,2027-01-24T05:00:00Z,1900-01-01T20:30:00Z,2027-01-24T20:30:00Z,1,3:30 pm ET,,,,False
0022600656,2027-01-24,4:00 pm ET,PHX,UTA,Mortgage Matchup Center,Phoenix,AZ,2027-01-24,1900-01-01T16:00:00Z,2027-01-24T16:00:00Z,2027-01-24T05:00:00Z,1900-01-01T21:00:00Z,2027-01-24T21:00:00Z,1,4:00 pm ET,,,,False
0022600657,2027-01-24,4:00 pm ET,LAL,WAS,Crypto.com Arena,Los Angeles,CA,2027-01-24,1900-01-01T16:00:00Z,2027-01-24T16:00:00Z,2027-01-24T05:00:00Z,1900-01-01T21:00:00Z,2027-01-24T21:00:00Z,1,4:00 pm ET,,,,False
0022600658,2027-01-24,6:00 pm ET,DET,MIN,Little Caesars Arena,Detroit,MI,2027-01-24,1900-01-01T18:00:00Z,2027-01-24T18:00:00Z,2027-01-24T05:00:00Z,1900-01-01T23:00:00Z,2027-01-24T23:00:00Z,1,6:00 pm ET,,,,False
0022600659,2027-01-24,6:00 pm ET,ORL,HOU,Kia Center,Orlando,FL,2027-01-24,1900-01-01T18:00:00Z,2027-01-24T18:00:00Z,2027-01-24T05:00:00Z,1900-01-01T23:00:00Z,2027-01-24T23:00:00Z,1,6:00 pm ET,,,,False
0022600660,2027-01-24,7:00 pm ET,NYK,LAC,Madison Square Garden,New York,NY,2027-01-24,1900-01-01T19:00:00Z,2027-01-24T19:00:00Z,2027-01-24T05:00:00Z,1900-01-01T00:00:00Z,2027-01-25T00:00:00Z,1,7:00 pm ET,,,,False
0022600661,2027-01-24,8:30 pm ET,GSW,OKC,Chase Center,San Francisco,CA,2027-01-24,1900-01-01T20:30:00Z,2027-01-24T20:30:00Z,2027-01-24T05:00:00Z,1900-01-01T01:30:00Z,2027-01-25T01:30:00Z,1,8:30 pm ET,,,,False
0022600662,2027-01-25,7:00 pm ET,BOS,TOR,TD Garden,Boston,MA,2027-01-25,1900-01-01T19:00:00Z,2027-01-25T19:00:00Z,2027-01-25T05:00:00Z,1900-01-01T00:00:00Z,2027-01-26T00:00:00Z,1,7:00 pm ET,,,,False
0022600663,2027-01-25,7:00 pm ET,CHA,ORL,Spectrum Center,Charlotte,NC,2027-01-25,1900-01-01T19:00:00Z,2027-01-25T19:00:00Z,2027-01-25T05:00:00Z,1900-01-01T00:00:00Z,2027-01-26T00:00:00Z,1,7:00 pm ET,,,,False
0022600664,2027-01-25,7:00 pm ET,PHI,LAC,Xfinity Mobile Arena,Philadelphia,PA,2027-01-25,1900-01-01T19:00:00Z,2027-01-25T19:00:00Z,2027-01-25T05:00:00Z,1900-01-01T00:00:00Z,2027-01-26T00:00:00Z,1,7:00 pm ET,,,,False
0022600665,2027-01-25,7:30 pm ET,BKN,MIA,Barclays Center,Brooklyn,NY,2027-01-25,1900-01-01T19:30:00Z,2027-01-25T19:30:00Z,2027-01-25T05:00:00Z,1900-01-01T00:30:00Z,2027-01-26T00:30:00Z,1,7:30 pm ET,,,,False
0022600666,2027-01-25,8:00 pm ET,CHI,DAL,United Center,Chicago,IL,2027-01-25,1900-01-01T20:00:00Z,2027-01-25T20:00:00Z,2027-01-25T05:00:00Z,1900-01-01T01:00:00Z,2027-01-26T01:00:00Z,1,8:00 pm ET,,,,False
0022600667,2027-01-25,8:00 pm ET,MEM,MIN,FedExForum,Memphis,TN,2027-01-25,1900-01-01T20:00:00Z,2027-01-25T20:00:00Z,2027-01-25T05:00:00Z,1900-01-01T01:00:00Z,2027-01-26T01:00:00Z,1,8:00 pm ET,,,,False
0022600668,2027-01-25,8:00 pm ET,NOP,CLE,Smoothie King Center,New Orleans,LA,2027-01-25,1900-01-01T20:00:00Z,2027-01-25T20:00:00Z,2027-01-25T05:00:00Z,1900-01-01T01:00:00Z,2027-01-26T01:00:00Z,1,8:00 pm ET,,,,False
0022600669,2027-01-25,9:30 pm ET,DEN,SAC,Ball Arena,Denver,CO,2027-01-25,1900-01-01T21:30:00Z,2027-01-25T21:30:00Z,2027-01-25T05:00:00Z,1900-01-01T02:30:00Z,2027-01-26T02:30:00Z,1,9:30 pm ET,,,,False
0022600670,2027-01-26,7:00 pm ET,DET,ATL,Little Caesars Arena,Detroit,MI,2027-01-26,1900-01-01T19:00:00Z,2027-01-26T19:00:00Z,2027-01-26T05:00:00Z,1900-01-01T00:00:00Z,2027-01-27T00:00:00Z,1,7:00 pm ET,,,,False
0022600671,2027-01-26,7:00 pm ET,IND,CHI,Gainbridge Fieldhouse,Indianapolis,IN,2027-01-26,1900-01-01T19:00:00Z,2027-01-26T19:00:00Z,2027-01-26T05:00:00Z,1900-01-01T00:00:00Z,2027-01-27T00:00:00Z,1,7:00 pm ET,,,,False
0022600672,2027-01-26,7:30 pm ET,NYK,PHX,Madison Square Garden,New York,NY,2027-01-26,1900-01-01T19:30:00Z,2027-01-26T19:30:00Z,2027-01-26T05:00:00Z,1900-01-01T00:30:00Z,2027-01-27T00:30:00Z,1,7:30 pm ET,,,,False
0022600673,2027-01-26,8:00 pm ET,SAS,HOU,Frost Bank Center,San Antonio,TX,2027-01-26,1900-01-01T20:00:00Z,2027-01-26T20:00:00Z,2027-01-26T05:00:00Z,1900-01-01T01:00:00Z,2027-01-27T01:00:00Z,1,8:00 pm ET,,AWS NBA Rivals Week,,False
0022600674,2027-01-26,9:00 pm ET,UTA,MIL,Delta Center,Salt Lake City,UT,2027-01-26,1900-01-01T21:00:00Z,2027-01-26T21:00:00Z,2027-01-26T05:00:00Z,1900-01-01T02:00:00Z,2027-01-27T02:00:00Z,1,9:00 pm ET,,,,False
0022600675,2027-01-26,10:00 pm ET,POR,WAS,Moda Center,Portland,OR,2027-01-26,1900-01-01T22:00:00Z,2027-01-26T22:00:00Z,2027-01-26T05:00:00Z,1900-01-01T03:00:00Z,2027-01-27T03:00:00Z,1,10:00 pm ET,,,,False
0022600676,2027-01-26,11:00 pm ET,LAL,OKC,Crypto.com Arena,Los Angeles,CA,2027-01-26,1900-01-01T23:00:00Z,2027-01-26T23:00:00Z,2027-01-26T05:00:00Z,1900-01-01T04:00:00Z,2027-01-27T04:00:00Z,1,11:00 pm ET,,AWS NBA Rivals Week,,False
0022600677,2027-01-27,7:00 pm ET,CLE,DET,Rocket Arena,Cleveland,OH,2027-01-27,1900-01-01T19:00:00Z,2027-01-27T19:00:00Z,2027-01-27T05:00:00Z,1900-01-01T00:00:00Z,2027-01-28T00:00:00Z,1,7:00 pm ET,,AWS NBA Rivals Week,,False
0022600678,2027-01-27,7:00 pm ET,PHI,SAC,Xfinity Mobile Arena,Philadelphia,PA,2027-01-27,1900-01-01T19:00:00Z,2027-01-27T19:00:00Z,2027-01-27T05:00:00Z,1900-01-01T00:00:00Z,2027-01-28T00:00:00Z,1,7:00 pm ET,,,,False
0022600679,2027-01-27,7:30 pm ET,BOS,LAC,TD Garden,Boston,MA,2027-01-27,1900-01-01T19:30:00Z,2027-01-27T19:30:00Z,2027-01-27T05:00:00Z,1900-01-01T00:30:00Z,2027-01-28T00:30:00Z,1,7:30 pm ET,,,,False
0022600680,2027-01-27,7:30 pm ET,BKN,PHX,Barclays Center,Brooklyn,NY,2027-01-27,1900-01-01T19:30:00Z,2027-01-27T19:30:00Z,2027-01-27T05:00:00Z,1900-01-01T00:30:00Z,2027-01-28T00:30:00Z,1,7:30 pm ET,,,,False
0022600681,2027-01-27,7:30 pm ET,TOR,DAL,Scotiabank Arena,Toronto,ON,2027-01-27,1900-01-01T19:30:00Z,2027-01-27T19:30:00Z,2027-01-27T05:00:00Z,1900-01-01T00:30:00Z,2027-01-28T00:30:00Z,1,7:30 pm ET,,,,False
0022600682,2027-01-27,8:00 pm ET,SAS,CHA,Frost Bank Center,San Antonio,TX,2027-01-27,1900-01-01T20:00:00Z,2027-01-27T20:00:00Z,2027-01-27T05:00:00Z,1900-01-01T01:00:00Z,2027-01-28T01:00:00Z,1,8:00 pm ET,,,,False
0022600683,2027-01-27,8:30 pm ET,HOU,NOP,Toyota Center,Houston,TX,2027-01-27,1900-01-01T20:30:00Z,2027-01-27T20:30:00Z,2027-01-27T05:00:00Z,1900-01-01T01:30:00Z,2027-01-28T01:30:00Z,1,8:30 pm ET,,,,False
0022600684,2027-01-27,9:30 pm ET,MIN,DEN,Target Center,Minneapolis,MN,2027-01-27,1900-01-01T21:30:00Z,2027-01-27T21:30:00Z,2027-01-27T05:00:00Z,1900-01-01T02:30:00Z,2027-01-28T02:30:00Z,1,9:30 pm ET,,AWS NBA Rivals Week,,False
0022600685,2027-01-27,10:00 pm ET,POR,GSW,Moda Center,Portland,OR,2027-01-27,1900-01-01T22:00:00Z,2027-01-27T22:00:00Z,2027-01-27T05:00:00Z,1900-01-01T03:00:00Z,2027-01-28T03:00:00Z,1,10:00 pm ET,,,,False
0022600686,2027-01-28,7:00 pm ET,IND,LAL,Gainbridge Fieldhouse,Indianapolis,IN,2027-01-28,1900-01-01T19:00:00Z,2027-01-28T19:00:00Z,2027-01-28T05:00:00Z,1900-01-01T00:00:00Z,2027-01-29T00:00:00Z,1,7:00 pm ET,,,,False
0022600687,2027-01-28,7:00 pm ET,NYK,ATL,Madison Square Garden,New York,NY,2027-01-28,1900-01-01T19:00:00Z,2027-01-28T19:00:00Z,2027-01-28T05:00:00Z,1900-01-01T00:00:00Z,2027-01-29T00:00:00Z,1,7:00 pm ET,,AWS NBA Rivals Week,,False
0022600688,2027-01-28,7:00 pm ET,ORL,CHI,Kia Center,Orlando,FL,2027-01-28,1900-01-01T19:00:00Z,2027-01-28T19:00:00Z,2027-01-28T05:00:00Z,1900-01-01T00:00:00Z,2027-01-29T00:00:00Z,1,7:00 pm ET,,,,False
0022600689,2027-01-28,7:00 pm ET,WAS,SAC,Capital One Arena,Washington,DC,2027-01-28,1900-01-01T19:00:00Z,2027-01-28T19:00:00Z,2027-01-28T05:00:00Z,1900-01-01T00:00:00Z,2027-01-29T00:00:00Z,1,7:00 pm ET,,,,False
0022600690,2027-01-28,8:00 pm ET,NOP,PHI,Smoothie King Center,New Orleans,LA,2027-01-28,1900-01-01T20:00:00Z,2027-01-28T20:00:00Z,2027-01-28T05:00:00Z,1900-01-01T01:00:00Z,2027-01-29T01:00:00Z,1,8:00 pm ET,,,,False
0022600691,2027-01-28,8:00 pm ET,OKC,MEM,Paycom Center,Oklahoma City,OK,2027-01-28,1900-01-01T20:00:00Z,2027-01-28T20:00:00Z,2027-01-28T05:00:00Z,1900-01-01T01:00:00Z,2027-01-29T01:00:00Z,1,8:00 pm ET,,,,False
0022600692,2027-01-28,9:00 pm ET,UTA,GSW,Delta Center,Salt Lake City,UT,2027-01-28,1900-01-01T21:00:00Z,2027-01-28T21:00:00Z,2027-01-28T05:00:00Z,1900-01-01T02:00:00Z,2027-01-29T02:00:00Z,1,9:00 pm ET,,,,False
0022600693,2027-01-28,9:30 pm ET,MIL,MIA,Fiserv Forum,Milwaukee,WI,2027-01-28,1900-01-01T21:30:00Z,2027-01-28T21:30:00Z,2027-01-28T05:00:00Z,1900-01-01T02:30:00Z,2027-01-29T02:30:00Z,1,9:30 pm ET,,AWS NBA Rivals Week,,False
0022600694,2027-01-29,7:00 pm ET,TOR,CLE,Scotiabank Arena,Toronto,ON,2027-01-29,1900-01-01T19:00:00Z,2027-01-29T19:00:00Z,2027-01-29T05:00:00Z,1900-01-01T00:00:00Z,2027-01-30T00:00:00Z,1,7:00 pm ET,,AWS NBA Rivals Week,,False
0022600695,2027-01-29,7:30 pm ET,BOS,PHX,TD Garden,Boston,MA,2027-01-29,1900-01-01T19:30:00Z,2027-01-29T19:30:00Z,2027-01-29T05:00:00Z,1900-01-01T00:30:00Z,2027-01-30T00:30:00Z,1,7:30 pm ET,,,,False
0022600696,2027-01-29,7:30 pm ET,BKN,LAC,Barclays Center,Brooklyn,NY,2027-01-29,1900-01-01T19:30:00Z,2027-01-29T19:30:00Z,2027-01-29T05:00:00Z,1900-01-01T00:30:00Z,2027-01-30T00:30:00Z,1,7:30 pm ET,,,,False
0022600697,2027-01-29,8:00 pm ET,DAL,DET,American Airlines Center,Dallas,TX,2027-01-29,1900-01-01T20:00:00Z,2027-01-29T20:00:00Z,2027-01-29T05:00:00Z,1900-01-01T01:00:00Z,2027-01-30T01:00:00Z,1,8:00 pm ET,,,,False
0022600698,2027-01-29,8:30 pm ET,HOU,ORL,Toyota Center,Houston,TX,2027-01-29,1900-01-01T20:30:00Z,2027-01-29T20:30:00Z,2027-01-29T05:00:00Z,1900-01-01T01:30:00Z,2027-01-30T01:30:00Z,1,8:30 pm ET,,,,False
0022600699,2027-01-29,9:30 pm ET,MIN,CHA,Target Center,Minneapolis,MN,2027-01-29,1900-01-01T21:30:00Z,2027-01-29T21:30:00Z,2027-01-29T05:00:00Z,1900-01-01T02:30:00Z,2027-01-30T02:30:00Z,1,9:30 pm ET,,AWS NBA Rivals Week,,False
0022600700,2027-01-30,12:30 pm ET,MIA,PHI,Kaseya Center,Miami,FL,2027-01-30,1900-01-01T12:30:00Z,2027-01-30T12:30:00Z,2027-01-30T05:00:00Z,1900-01-01T17:30:00Z,2027-01-30T17:30:00Z,1,12:30 pm ET,,AWS NBA Rivals Week,,False
0022600701,2027-01-30,3:00 pm ET,OKC,DEN,Paycom Center,Oklahoma City,OK,2027-01-30,1900-01-01T15:00:00Z,2027-01-30T15:00:00Z,2027-01-30T05:00:00Z,1900-01-01T20:00:00Z,2027-01-30T20:00:00Z,1,3:00 pm ET,,AWS NBA Rivals Week,,False
0022600702,2027-01-30,5:30 pm ET,GSW,SAS,Chase Center,San Francisco,CA,2027-01-30,1900-01-01T17:30:00Z,2027-01-30T17:30:00Z,2027-01-30T05:00:00Z,1900-01-01T22:30:00Z,2027-01-30T22:30:00Z,1,5:30 pm ET,,AWS NBA Rivals Week,,False
0022600703,2027-01-30,7:00 pm ET,IND,WAS,Gainbridge Fieldhouse,Indianapolis,IN,2027-01-30,1900-01-01T19:00:00Z,2027-01-30T19:00:00Z,2027-01-30T05:00:00Z,1900-01-01T00:00:00Z,2027-01-31T00:00:00Z,1,7:00 pm ET,,,,False
0022600704,2027-01-30,7:30 pm ET,CLE,NOP,Rocket Arena,Cleveland,OH,2027-01-30,1900-01-01T19:30:00Z,2027-01-30T19:30:00Z,2027-01-30T05:00:00Z,1900-01-01T00:30:00Z,2027-01-31T00:30:00Z,1,7:30 pm ET,,,,False
0022600705,2027-01-30,8:00 pm ET,MIL,ATL,Fiserv Forum,Milwaukee,WI,2027-01-30,1900-01-01T20:00:00Z,2027-01-30T20:00:00Z,2027-01-30T05:00:00Z,1900-01-01T01:00:00Z,2027-01-31T01:00:00Z,1,8:00 pm ET,,,,False
0022600706,2027-01-30,8:30 pm ET,NYK,LAL,Madison Square Garden,New York,NY,2027-01-30,1900-01-01T20:30:00Z,2027-01-30T20:30:00Z,2027-01-30T05:00:00Z,1900-01-01T01:30:00Z,2027-01-31T01:30:00Z,1,8:30 pm ET,,AWS NBA Rivals Week,,False
0022600707,2027-01-30,9:30 pm ET,UTA,MEM,Delta Center,Salt Lake City,UT,2027-01-30,1900-01-01T21:30:00Z,2027-01-30T21:30:00Z,2027-01-30T05:00:00Z,1900-01-01T02:30:00Z,2027-01-31T02:30:00Z,1,9:30 pm ET,,,,False
0022600708,2027-01-31,3:00 pm ET,DET,SAC,Little Caesars Arena,Detroit,MI,2027-01-31,1900-01-01T15:00:00Z,2027-01-31T15:00:00Z,2027-01-31T05:00:00Z,1900-01-01T20:00:00Z,2027-01-31T20:00:00Z,1,3:00 pm ET,,,,False
0022600709,2027-01-31,6:00 pm ET,ORL,BKN,Kia Center,Orlando,FL,2027-01-31,1900-01-01T18:00:00Z,2027-01-31T18:00:00Z,2027-01-31T05:00:00Z,1900-01-01T23:00:00Z,2027-01-31T23:00:00Z,1,6:00 pm ET,,,,False
0022600710,2027-01-31,6:00 pm ET,TOR,BOS,Scotiabank Arena,Toronto,ON,2027-01-31,1900-01-01T18:00:00Z,2027-01-31T18:00:00Z,2027-01-31T05:00:00Z,1900-01-01T23:00:00Z,2027-01-31T23:00:00Z,1,6:00 pm ET,,,,False
0022600711,2027-01-31,6:00 pm ET,MIN,PHX,Target Center,Minneapolis,MN,2027-01-31,1900-01-01T18:00:00Z,2027-01-31T18:00:00Z,2027-01-31T05:00:00Z,1900-01-01T23:00:00Z,2027-01-31T23:00:00Z,1,6:00 pm ET,,,,False
0022600712,2027-01-31,6:00 pm ET,OKC,CHI,Paycom Center,Oklahoma City,OK,2027-01-31,1900-01-01T18:00:00Z,2027-01-31T18:00:00Z,2027-01-31T05:00:00Z,1900-01-01T23:00:00Z,2027-01-31T23:00:00Z,1,6:00 pm ET,,,,False
0022600713,2027-01-31,7:00 pm ET,CHA,LAL,Spectrum Center,Charlotte,NC,2027-01-31,1900-01-01T19:00:00Z,2027-01-31T19:00:00Z,2027-01-31T05:00:00Z,1900-01-01T00:00:00Z,2027-02-01T00:00:00Z,1,7:00 pm ET,,,,False
0022600714,2027-01-31,8:00 pm ET,DEN,POR,Ball Arena,Denver,CO,2027-01-31,1900-01-01T20:00:00Z,2027-01-31T20:00:00Z,2027-01-31T05:00:00Z,1900-01-01T01:00:00Z,2027-02-01T01:00:00Z,1,8:00 pm ET,,,,False
0022600715,2027-01-31,8:30 pm ET,DAL,HOU,American Airlines Center,Dallas,TX,2027-01-31,1900-01-01T20:30:00Z,2027-01-31T20:30:00Z,2027-01-31T05:00:00Z,1900-01-01T01:30:00Z,2027-02-01T01:30:00Z,1,8:30 pm ET,,,,False
0022600716,2027-02-01,7:00 pm ET,ATL,WAS,State Farm Arena,Atlanta,GA,2027-02-01,1900-01-01T19:00:00Z,2027-02-01T19:00:00Z,2027-02-01T05:00:00Z,1900-01-01T00:00:00Z,2027-02-02T00:00:00Z,1,7:00 pm ET,,,,False
0022600717,2027-02-01,7:00 pm ET,PHI,NOP,Xfinity Mobile Arena,Philadelphia,PA,2027-02-01,1900-01-01T19:00:00Z,2027-02-01T19:00:00Z,2027-02-01T05:00:00Z,1900-01-01T00:00:00Z,2027-02-02T00:00:00Z,1,7:00 pm ET,,,,False
0022600718,2027-02-01,7:30 pm ET,BKN,NYK,Barclays Center,Brooklyn,NY,2027-02-01,1900-01-01T19:30:00Z,2027-02-01T19:30:00Z,2027-02-01T05:00:00Z,1900-01-01T00:30:00Z,2027-02-02T00:30:00Z,1,7:30 pm ET,,,,False
0022600719,2027-02-01,7:30 pm ET,IND,MIA,Gainbridge Fieldhouse,Indianapolis,IN,2027-02-01,1900-01-01T19:30:00Z,2027-02-01T19:30:00Z,2027-02-01T05:00:00Z,1900-01-01T00:30:00Z,2027-02-02T00:30:00Z,1,7:30 pm ET,,,,False
0022600720,2027-02-01,8:00 pm ET,MIL,MEM,Fiserv Forum,Milwaukee,WI,2027-02-01,1900-01-01T20:00:00Z,2027-02-01T20:00:00Z,2027-02-01T05:00:00Z,1900-01-01T01:00:00Z,2027-02-02T01:00:00Z,1,8:00 pm ET,,,,False
0022600721,2027-02-01,9:00 pm ET,UTA,CLE,Delta Center,Salt Lake City,UT,2027-02-01,1900-01-01T21:00:00Z,2027-02-01T21:00:00Z,2027-02-01T05:00:00Z,1900-01-01T02:00:00Z,2027-02-02T02:00:00Z,1,9:00 pm ET,,,,False
0022600722,2027-02-01,10:00 pm ET,GSW,SAS,Chase Center,San Francisco,CA,2027-02-01,1900-01-01T22:00:00Z,2027-02-01T22:00:00Z,2027-02-01T05:00:00Z,1900-01-01T03:00:00Z,2027-02-02T03:00:00Z,1,10:00 pm ET,,,,False
0022600723,2027-02-02,7:00 pm ET,DET,CHI,Little Caesars Arena,Detroit,MI,2027-02-02,1900-01-01T19:00:00Z,2027-02-02T19:00:00Z,2027-02-02T05:00:00Z,1900-01-01T00:00:00Z,2027-02-03T00:00:00Z,1,7:00 pm ET,,,,False
0022600724,2027-02-02,7:00 pm ET,ORL,NOP,Kia Center,Orlando,FL,2027-02-02,1900-01-01T19:00:00Z,2027-02-02T19:00:00Z,2027-02-02T05:00:00Z,1900-01-01T00:00:00Z,2027-02-03T00:00:00Z,1,7:00 pm ET,,,,False
0022600725,2027-02-02,7:30 pm ET,MIA,CHA,Kaseya Center,Miami,FL,2027-02-02,1900-01-01T19:30:00Z,2027-02-02T19:30:00Z,2027-02-02T05:00:00Z,1900-01-01T00:30:00Z,2027-02-03T00:30:00Z,1,7:30 pm ET,,,,False
0022600726,2027-02-02,8:00 pm ET,BOS,LAL,TD Garden,Boston,MA,2027-02-02,1900-01-01T20:00:00Z,2027-02-02T20:00:00Z,2027-02-02T05:00:00Z,1900-01-01T01:00:00Z,2027-02-03T01:00:00Z,1,8:00 pm ET,,,,False
0022600727,2027-02-02,8:00 pm ET,DAL,TOR,American Airlines Center,Dallas,TX,2027-02-02,1900-01-01T20:00:00Z,2027-02-02T20:00:00Z,2027-02-02T05:00:00Z,1900-01-01T01:00:00Z,2027-02-03T01:00:00Z,1,8:00 pm ET,,,,False
0022600728,2027-02-02,9:00 pm ET,DEN,OKC,Ball Arena,Denver,CO,2027-02-02,1900-01-01T21:00:00Z,2027-02-02T21:00:00Z,2027-02-02T05:00:00Z,1900-01-01T02:00:00Z,2027-02-03T02:00:00Z,1,9:00 pm ET,,,,False
0022600729,2027-02-02,10:30 pm ET,LAC,SAS,Intuit Dome,Inglewood,CA,2027-02-02,1900-01-01T22:30:00Z,2027-02-02T22:30:00Z,2027-02-02T05:00:00Z,1900-01-01T03:30:00Z,2027-02-03T03:30:00Z,1,10:30 pm ET,,,,False
0022600730,2027-02-02,11:00 pm ET,POR,MIN,Moda Center,Portland,OR,2027-02-02,1900-01-01T23:00:00Z,2027-02-02T23:00:00Z,2027-02-02T05:00:00Z,1900-01-01T04:00:00Z,2027-02-03T04:00:00Z,1,11:00 pm ET,,,,False
0022600731,2027-02-03,7:00 pm ET,DET,NYK,Little Caesars Arena,Detroit,MI,2027-02-03,1900-01-01T19:00:00Z,2027-02-03T19:00:00Z,2027-02-03T05:00:00Z,1900-01-01T00:00:00Z,2027-02-04T00:00:00Z,1,7:00 pm ET,,NBA Pioneers Classic,,False
0022600732,2027-02-03,7:00 pm ET,IND,ATL,Gainbridge Fieldhouse,Indianapolis,IN,2027-02-03,1900-01-01T19:00:00Z,2027-02-03T19:00:00Z,2027-02-03T05:00:00Z,1900-01-01T00:00:00Z,2027-02-04T00:00:00Z,1,7:00 pm ET,,,,False
0022600733,2027-02-03,8:00 pm ET,MEM,PHI,FedExForum,Memphis,TN,2027-02-03,1900-01-01T20:00:00Z,2027-02-03T20:00:00Z,2027-02-03T05:00:00Z,1900-01-01T01:00:00Z,2027-02-04T01:00:00Z,1,8:00 pm ET,,,,False
0022600734,2027-02-03,9:00 pm ET,PHX,CLE,Mortgage Matchup Center,Phoenix,AZ,2027-02-03,1900-01-01T21:00:00Z,2027-02-03T21:00:00Z,2027-02-03T05:00:00Z,1900-01-01T02:00:00Z,2027-02-04T02:00:00Z,1,9:00 pm ET,,,,False
0022600735,2027-02-03,9:30 pm ET,HOU,UTA,Toyota Center,Houston,TX,2027-02-03,1900-01-01T21:30:00Z,2027-02-03T21:30:00Z,2027-02-03T05:00:00Z,1900-01-01T02:30:00Z,2027-02-04T02:30:00Z,1,9:30 pm ET,,,,False
0022600736,2027-02-03,10:30 pm ET,LAC,GSW,Intuit Dome,Inglewood,CA,2027-02-03,1900-01-01T22:30:00Z,2027-02-03T22:30:00Z,2027-02-03T05:00:00Z,1900-01-01T03:30:00Z,2027-02-04T03:30:00Z,1,10:30 pm ET,,,,False
0022600737,2027-02-04,7:00 pm ET,WAS,NOP,Capital One Arena,Washington,DC,2027-02-04,1900-01-01T19:00:00Z,2027-02-04T19:00:00Z,2027-02-04T05:00:00Z,1900-01-01T00:00:00Z,2027-02-05T00:00:00Z,1,7:00 pm ET,,,,False
0022600738,2027-02-04,7:30 pm ET,BKN,LAL,Barclays Center,Brooklyn,NY,2027-02-04,1900-01-01T19:30:00Z,2027-02-04T19:30:00Z,2027-02-04T05:00:00Z,1900-01-01T00:30:00Z,2027-02-05T00:30:00Z,1,7:30 pm ET,,,,False
0022600739,2027-02-04,7:30 pm ET,CHA,BOS,Spectrum Center,Charlotte,NC,2027-02-04,1900-01-01T19:30:00Z,2027-02-04T19:30:00Z,2027-02-04T05:00:00Z,1900-01-01T00:30:00Z,2027-02-05T00:30:00Z,1,7:30 pm ET,,,,False
0022600740,2027-02-04,7:30 pm ET,MIA,MIL,Kaseya Center,Miami,FL,2027-02-04,1900-01-01T19:30:00Z,2027-02-04T19:30:00Z,2027-02-04T05:00:00Z,1900-01-01T00:30:00Z,2027-02-05T00:30:00Z,1,7:30 pm ET,,,,False
0022600741,2027-02-04,7:30 pm ET,NYK,TOR,Madison Square Garden,New York,NY,2027-02-04,1900-01-01T19:30:00Z,2027-02-04T19:30:00Z,2027-02-04T05:00:00Z,1900-01-01T00:30:00Z,2027-02-05T00:30:00Z,1,7:30 pm ET,,,,False
0022600742,2027-02-04,8:00 pm ET,CHI,OKC,United Center,Chicago,IL,2027-02-04,1900-01-01T20:00:00Z,2027-02-04T20:00:00Z,2027-02-04T05:00:00Z,1900-01-01T01:00:00Z,2027-02-05T01:00:00Z,1,8:00 pm ET,,,,False
0022600743,2027-02-04,8:00 pm ET,SAS,ORL,Frost Bank Center,San Antonio,TX,2027-02-04,1900-01-01T20:00:00Z,2027-02-04T20:00:00Z,2027-02-04T05:00:00Z,1900-01-01T01:00:00Z,2027-02-05T01:00:00Z,1,8:00 pm ET,,,,False
0022600744,2027-02-04,10:00 pm ET,DEN,DAL,Ball Arena,Denver,CO,2027-02-04,1900-01-01T22:00:00Z,2027-02-04T22:00:00Z,2027-02-04T05:00:00Z,1900-01-01T03:00:00Z,2027-02-05T03:00:00Z,1,10:00 pm ET,,,,False
0022600745,2027-02-04,10:00 pm ET,POR,CLE,Moda Center,Portland,OR,2027-02-04,1900-01-01T22:00:00Z,2027-02-04T22:00:00Z,2027-02-04T05:00:00Z,1900-01-01T03:00:00Z,2027-02-05T03:00:00Z,1,10:00 pm ET,,,,False
0022600746,2027-02-04,10:00 pm ET,SAC,MIN,Golden 1 Center,Sacramento,CA,2027-02-04,1900-01-01T22:00:00Z,2027-02-04T22:00:00Z,2027-02-04T05:00:00Z,1900-01-01T03:00:00Z,2027-02-05T03:00:00Z,1,10:00 pm ET,,,,False
0022600747,2027-02-05,7:00 pm ET,ATL,BOS,State Farm Arena,Atlanta,GA,2027-02-05,1900-01-01T19:00:00Z,2027-02-05T19:00:00Z,2027-02-05T05:00:00Z,1900-01-01T00:00:00Z,2027-02-06T00:00:00Z,1,7:00 pm ET,,,,False
0022600748,2027-02-05,7:00 pm ET,CHA,GSW,Spectrum Center,Charlotte,NC,2027-02-05,1900-01-01T19:00:00Z,2027-02-05T19:00:00Z,2027-02-05T05:00:00Z,1900-01-01T00:00:00Z,2027-02-06T00:00:00Z,1,7:00 pm ET,,,,False
0022600749,2027-02-05,7:00 pm ET,PHI,DET,Xfinity Mobile Arena,Philadelphia,PA,2027-02-05,1900-01-01T19:00:00Z,2027-02-05T19:00:00Z,2027-02-05T05:00:00Z,1900-01-01T00:00:00Z,2027-02-06T00:00:00Z,1,7:00 pm ET,,,,False
0022600750,2027-02-05,9:00 pm ET,DEN,LAC,Ball Arena,Denver,CO,2027-02-05,1900-01-01T21:00:00Z,2027-02-05T21:00:00Z,2027-02-05T05:00:00Z,1900-01-01T02:00:00Z,2027-02-06T02:00:00Z,1,9:00 pm ET,,,,False
0022600751,2027-02-05,9:00 pm ET,PHX,HOU,Mortgage Matchup Center,Phoenix,AZ,2027-02-05,1900-01-01T21:00:00Z,2027-02-05T21:00:00Z,2027-02-05T05:00:00Z,1900-01-01T02:00:00Z,2027-02-06T02:00:00Z,1,9:00 pm ET,,,,False
0022600752,2027-02-05,9:30 pm ET,OKC,IND,Paycom Center,Oklahoma City,OK,2027-02-05,1900-01-01T21:30:00Z,2027-02-05T21:30:00Z,2027-02-05T05:00:00Z,1900-01-01T02:30:00Z,2027-02-06T02:30:00Z,1,9:30 pm ET,,,,False
0022600753,2027-02-06,3:00 pm ET,DAL,UTA,American Airlines Center,Dallas,TX,2027-02-06,1900-01-01T15:00:00Z,2027-02-06T15:00:00Z,2027-02-06T05:00:00Z,1900-01-01T20:00:00Z,2027-02-06T20:00:00Z,1,3:00 pm ET,,,,False
0022600754,2027-02-06,3:00 pm ET,MIN,MIA,Target Center,Minneapolis,MN,2027-02-06,1900-01-01T15:00:00Z,2027-02-06T15:00:00Z,2027-02-06T05:00:00Z,1900-01-01T20:00:00Z,2027-02-06T20:00:00Z,1,3:00 pm ET,,,,False
0022600755,2027-02-06,5:30 pm ET,MEM,POR,FedExForum,Memphis,TN,2027-02-06,1900-01-01T17:30:00Z,2027-02-06T17:30:00Z,2027-02-06T05:00:00Z,1900-01-01T22:30:00Z,2027-02-06T22:30:00Z,1,5:30 pm ET,,,,False
0022600756,2027-02-06,6:00 pm ET,BKN,WAS,Barclays Center,Brooklyn,NY,2027-02-06,1900-01-01T18:00:00Z,2027-02-06T18:00:00Z,2027-02-06T05:00:00Z,1900-01-01T23:00:00Z,2027-02-06T23:00:00Z,1,6:00 pm ET,,,,False
0022600757,2027-02-06,7:30 pm ET,CLE,ORL,Rocket Arena,Cleveland,OH,2027-02-06,1900-01-01T19:30:00Z,2027-02-06T19:30:00Z,2027-02-06T05:00:00Z,1900-01-01T00:30:00Z,2027-02-07T00:30:00Z,1,7:30 pm ET,,,,False
0022600758,2027-02-06,7:30 pm ET,TOR,MIL,Scotiabank Arena,Toronto,ON,2027-02-06,1900-01-01T19:30:00Z,2027-02-06T19:30:00Z,2027-02-06T05:00:00Z,1900-01-01T00:30:00Z,2027-02-07T00:30:00Z,1,7:30 pm ET,,,,False
0022600759,2027-02-06,8:00 pm ET,CHI,NOP,United Center,Chicago,IL,2027-02-06,1900-01-01T20:00:00Z,2027-02-06T20:00:00Z,2027-02-06T05:00:00Z,1900-01-01T01:00:00Z,2027-02-07T01:00:00Z,1,8:00 pm ET,,,,False
0022600760,2027-02-06,8:30 pm ET,SAS,LAL,Frost Bank Center,San Antonio,TX,2027-02-06,1900-01-01T20:30:00Z,2027-02-06T20:30:00Z,2027-02-06T05:00:00Z,1900-01-01T01:30:00Z,2027-02-07T01:30:00Z,1,8:30 pm ET,,,,False
0022600761,2027-02-06,10:00 pm ET,SAC,PHX,Golden 1 Center,Sacramento,CA,2027-02-06,1900-01-01T22:00:00Z,2027-02-06T22:00:00Z,2027-02-06T05:00:00Z,1900-01-01T03:00:00Z,2027-02-07T03:00:00Z,1,10:00 pm ET,,,,False
0022600762,2027-02-07,3:00 pm ET,ATL,DEN,State Farm Arena,Atlanta,GA,2027-02-07,1900-01-01T15:00:00Z,2027-02-07T15:00:00Z,2027-02-07T05:00:00Z,1900-01-01T20:00:00Z,2027-02-07T20:00:00Z,1,3:00 pm ET,,,,False
0022600763,2027-02-07,3:00 pm ET,DET,GSW,Little Caesars Arena,Detroit,MI,2027-02-07,1900-01-01T15:00:00Z,2027-02-07T15:00:00Z,2027-02-07T05:00:00Z,1900-01-01T20:00:00Z,2027-02-07T20:00:00Z,1,3:00 pm ET,,,,False
0022600764,2027-02-07,3:30 pm ET,MIN,UTA,Target Center,Minneapolis,MN,2027-02-07,1900-01-01T15:30:00Z,2027-02-07T15:30:00Z,2027-02-07T05:00:00Z,1900-01-01T20:30:00Z,2027-02-07T20:30:00Z,1,3:30 pm ET,,,,False
0022600765,2027-02-07,4:30 pm ET,DAL,LAC,American Airlines Center,Dallas,TX,2027-02-07,1900-01-01T16:30:00Z,2027-02-07T16:30:00Z,2027-02-07T05:00:00Z,1900-01-01T21:30:00Z,2027-02-07T21:30:00Z,1,4:30 pm ET,,,,False
0022600766,2027-02-07,6:00 pm ET,TOR,CHA,Scotiabank Arena,Toronto,ON,2027-02-07,1900-01-01T18:00:00Z,2027-02-07T18:00:00Z,2027-02-07T05:00:00Z,1900-01-01T23:00:00Z,2027-02-07T23:00:00Z,1,6:00 pm ET,,,,False
0022600767,2027-02-07,7:00 pm ET,PHI,BOS,Xfinity Mobile Arena,Philadelphia,PA,2027-02-07,1900-01-01T19:00:00Z,2027-02-07T19:00:00Z,2027-02-07T05:00:00Z,1900-01-01T00:00:00Z,2027-02-08T00:00:00Z,1,7:00 pm ET,,,,False
0022600768,2027-02-07,9:30 pm ET,OKC,NYK,Paycom Center,Oklahoma City,OK,2027-02-07,1900-01-01T21:30:00Z,2027-02-07T21:30:00Z,2027-02-07T05:00:00Z,1900-01-01T02:30:00Z,2027-02-08T02:30:00Z,1,9:30 pm ET,,,,False
0022600769,2027-02-07,10:30 pm ET,SAC,HOU,Golden 1 Center,Sacramento,CA,2027-02-07,1900-01-01T22:30:00Z,2027-02-07T22:30:00Z,2027-02-07T05:00:00Z,1900-01-01T03:30:00Z,2027-02-08T03:30:00Z,1,10:30 pm ET,,,,False
0022600770,2027-02-08,7:00 pm ET,ATL,MIA,State Farm Arena,Atlanta,GA,2027-02-08,1900-01-01T19:00:00Z,2027-02-08T19:00:00Z,2027-02-08T05:00:00Z,1900-01-01T00:00:00Z,2027-02-09T00:00:00Z,1,7:00 pm ET,,,,False
0022600771,2027-02-08,7:00 pm ET,IND,NOP,Gainbridge Fieldhouse,Indianapolis,IN,2027-02-08,1900-01-01T19:00:00Z,2027-02-08T19:00:00Z,2027-02-08T05:00:00Z,1900-01-01T00:00:00Z,2027-02-09T00:00:00Z,1,7:00 pm ET,,,,False
0022600772,2027-02-08,7:00 pm ET,PHI,BKN,Xfinity Mobile Arena,Philadelphia,PA,2027-02-08,1900-01-01T19:00:00Z,2027-02-08T19:00:00Z,2027-02-08T05:00:00Z,1900-01-01T00:00:00Z,2027-02-09T00:00:00Z,1,7:00 pm ET,,,,False
0022600773,2027-02-08,7:00 pm ET,WAS,CHI,Capital One Arena,Washington,DC,2027-02-08,1900-01-01T19:00:00Z,2027-02-08T19:00:00Z,2027-02-08T05:00:00Z,1900-01-01T00:00:00Z,2027-02-09T00:00:00Z,1,7:00 pm ET,,,,False
0022600774,2027-02-08,8:00 pm ET,MEM,POR,FedExForum,Memphis,TN,2027-02-08,1900-01-01T20:00:00Z,2027-02-08T20:00:00Z,2027-02-08T05:00:00Z,1900-01-01T01:00:00Z,2027-02-09T01:00:00Z,1,8:00 pm ET,,,,False
0022600775,2027-02-08,8:00 pm ET,MIL,ORL,Fiserv Forum,Milwaukee,WI,2027-02-08,1900-01-01T20:00:00Z,2027-02-08T20:00:00Z,2027-02-08T05:00:00Z,1900-01-01T01:00:00Z,2027-02-09T01:00:00Z,1,8:00 pm ET,,,,False
0022600776,2027-02-08,9:30 pm ET,PHX,LAL,Mortgage Matchup Center,Phoenix,AZ,2027-02-08,1900-01-01T21:30:00Z,2027-02-08T21:30:00Z,2027-02-08T05:00:00Z,1900-01-01T02:30:00Z,2027-02-09T02:30:00Z,1,9:30 pm ET,,,,False
0022600777,2027-02-09,7:00 pm ET,CLE,TOR,Rocket Arena,Cleveland,OH,2027-02-09,1900-01-01T19:00:00Z,2027-02-09T19:00:00Z,2027-02-09T05:00:00Z,1900-01-01T00:00:00Z,2027-02-10T00:00:00Z,1,7:00 pm ET,,,,False
0022600778,2027-02-09,7:30 pm ET,BOS,DEN,TD Garden,Boston,MA,2027-02-09,1900-01-01T19:30:00Z,2027-02-09T19:30:00Z,2027-02-09T05:00:00Z,1900-01-01T00:30:00Z,2027-02-10T00:30:00Z,1,7:30 pm ET,,,,False
0022600779,2027-02-09,7:30 pm ET,BKN,MIN,Barclays Center,Brooklyn,NY,2027-02-09,1900-01-01T19:30:00Z,2027-02-09T19:30:00Z,2027-02-09T05:00:00Z,1900-01-01T00:30:00Z,2027-02-10T00:30:00Z,1,7:30 pm ET,,,,False
0022600780,2027-02-09,7:30 pm ET,NYK,CHA,Madison Square Garden,New York,NY,2027-02-09,1900-01-01T19:30:00Z,2027-02-09T19:30:00Z,2027-02-09T05:00:00Z,1900-01-01T00:30:00Z,2027-02-10T00:30:00Z,1,7:30 pm ET,,,,False
0022600781,2027-02-09,8:00 pm ET,CHI,GSW,United Center,Chicago,IL,2027-02-09,1900-01-01T20:00:00Z,2027-02-09T20:00:00Z,2027-02-09T05:00:00Z,1900-01-01T01:00:00Z,2027-02-10T01:00:00Z,1,8:00 pm ET,,,,False
0022600782,2027-02-09,8:00 pm ET,DAL,SAS,American Airlines Center,Dallas,TX,2027-02-09,1900-01-01T20:00:00Z,2027-02-09T20:00:00Z,2027-02-09T05:00:00Z,1900-01-01T01:00:00Z,2027-02-10T01:00:00Z,1,8:00 pm ET,,,,False
0022600783,2027-02-09,8:00 pm ET,MIL,SAC,Fiserv Forum,Milwaukee,WI,2027-02-09,1900-01-01T20:00:00Z,2027-02-09T20:00:00Z,2027-02-09T05:00:00Z,1900-01-01T01:00:00Z,2027-02-10T01:00:00Z,1,8:00 pm ET,,,,False
0022600784,2027-02-09,8:00 pm ET,OKC,POR,Paycom Center,Oklahoma City,OK,2027-02-09,1900-01-01T20:00:00Z,2027-02-09T20:00:00Z,2027-02-09T05:00:00Z,1900-01-01T01:00:00Z,2027-02-10T01:00:00Z,1,8:00 pm ET,,,,False
0022600785,2027-02-09,10:00 pm ET,UTA,HOU,Delta Center,Salt Lake City,UT,2027-02-09,1900-01-01T22:00:00Z,2027-02-09T22:00:00Z,2027-02-09T05:00:00Z,1900-01-01T03:00:00Z,2027-02-10T03:00:00Z,1,10:00 pm ET,,,,False
0022600786,2027-02-09,10:30 pm ET,LAC,DET,Intuit Dome,Inglewood,CA,2027-02-09,1900-01-01T22:30:00Z,2027-02-09T22:30:00Z,2027-02-09T05:00:00Z,1900-01-01T03:30:00Z,2027-02-10T03:30:00Z,1,10:30 pm ET,,,,False
0022600787,2027-02-10,7:00 pm ET,ATL,NOP,State Farm Arena,Atlanta,GA,2027-02-10,1900-01-01T19:00:00Z,2027-02-10T19:00:00Z,2027-02-10T05:00:00Z,1900-01-01T00:00:00Z,2027-02-11T00:00:00Z,1,7:00 pm ET,,,,False
0022600788,2027-02-10,7:00 pm ET,IND,CLE,Gainbridge Fieldhouse,Indianapolis,IN,2027-02-10,1900-01-01T19:00:00Z,2027-02-10T19:00:00Z,2027-02-10T05:00:00Z,1900-01-01T00:00:00Z,2027-02-11T00:00:00Z,1,7:00 pm ET,,,,False
0022600789,2027-02-10,7:00 pm ET,WAS,MIA,Capital One Arena,Washington,DC,2027-02-10,1900-01-01T19:00:00Z,2027-02-10T19:00:00Z,2027-02-10T05:00:00Z,1900-01-01T00:00:00Z,2027-02-11T00:00:00Z,1,7:00 pm ET,,,,False
0022600790,2027-02-10,7:30 pm ET,BOS,GSW,TD Garden,Boston,MA,2027-02-10,1900-01-01T19:30:00Z,2027-02-10T19:30:00Z,2027-02-10T05:00:00Z,1900-01-01T00:30:00Z,2027-02-11T00:30:00Z,1,7:30 pm ET,,,,False
0022600791,2027-02-10,8:00 pm ET,MEM,ORL,FedExForum,Memphis,TN,2027-02-10,1900-01-01T20:00:00Z,2027-02-10T20:00:00Z,2027-02-10T05:00:00Z,1900-01-01T01:00:00Z,2027-02-11T01:00:00Z,1,8:00 pm ET,,,,False
0022600792,2027-02-10,9:00 pm ET,PHX,DET,Mortgage Matchup Center,Phoenix,AZ,2027-02-10,1900-01-01T21:00:00Z,2027-02-10T21:00:00Z,2027-02-10T05:00:00Z,1900-01-01T02:00:00Z,2027-02-11T02:00:00Z,1,9:00 pm ET,,,,False
0022600793,2027-02-10,10:00 pm ET,LAL,LAC,Crypto.com Arena,Los Angeles,CA,2027-02-10,1900-01-01T22:00:00Z,2027-02-10T22:00:00Z,2027-02-10T05:00:00Z,1900-01-01T03:00:00Z,2027-02-11T03:00:00Z,1,10:00 pm ET,,,,False
0022600794,2027-02-11,7:00 pm ET,CHA,MIL,Spectrum Center,Charlotte,NC,2027-02-11,1900-01-01T19:00:00Z,2027-02-11T19:00:00Z,2027-02-11T05:00:00Z,1900-01-01T00:00:00Z,2027-02-12T00:00:00Z,1,7:00 pm ET,,,,False
0022600795,2027-02-11,7:00 pm ET,IND,UTA,Gainbridge Fieldhouse,Indianapolis,IN,2027-02-11,1900-01-01T19:00:00Z,2027-02-11T19:00:00Z,2027-02-11T05:00:00Z,1900-01-01T00:00:00Z,2027-02-12T00:00:00Z,1,7:00 pm ET,,,,False
0022600796,2027-02-11,7:00 pm ET,PHI,NYK,Xfinity Mobile Arena,Philadelphia,PA,2027-02-11,1900-01-01T19:00:00Z,2027-02-11T19:00:00Z,2027-02-11T05:00:00Z,1900-01-01T00:00:00Z,2027-02-12T00:00:00Z,1,7:00 pm ET,,,,False
0022600797,2027-02-11,8:00 pm ET,DAL,POR,American Airlines Center,Dallas,TX,2027-02-11,1900-01-01T20:00:00Z,2027-02-11T20:00:00Z,2027-02-11T05:00:00Z,1900-01-01T01:00:00Z,2027-02-12T01:00:00Z,1,8:00 pm ET,,,,False
0022600798,2027-02-11,8:30 pm ET,HOU,SAC,Toyota Center,Houston,TX,2027-02-11,1900-01-01T20:30:00Z,2027-02-11T20:30:00Z,2027-02-11T05:00:00Z,1900-01-01T01:30:00Z,2027-02-12T01:30:00Z,1,8:30 pm ET,,,,False
0022600799,2027-02-11,9:00 pm ET,DEN,CHI,Ball Arena,Denver,CO,2027-02-11,1900-01-01T21:00:00Z,2027-02-11T21:00:00Z,2027-02-11T05:00:00Z,1900-01-01T02:00:00Z,2027-02-12T02:00:00Z,1,9:00 pm ET,,,,False
0022600800,2027-02-11,9:30 pm ET,OKC,SAS,Paycom Center,Oklahoma City,OK,2027-02-11,1900-01-01T21:30:00Z,2027-02-11T21:30:00Z,2027-02-11T05:00:00Z,1900-01-01T02:30:00Z,2027-02-12T02:30:00Z,1,9:30 pm ET,,,,False
0022600801,2027-02-12,7:00 pm ET,ATL,PHX,State Farm Arena,Atlanta,GA,2027-02-12,1900-01-01T19:00:00Z,2027-02-12T19:00:00Z,2027-02-12T05:00:00Z,1900-01-01T00:00:00Z,2027-02-13T00:00:00Z,1,7:00 pm ET,,,,False
0022600802,2027-02-12,7:00 pm ET,ORL,MIA,Kia Center,Orlando,FL,2027-02-12,1900-01-01T19:00:00Z,2027-02-12T19:00:00Z,2027-02-12T05:00:00Z,1900-01-01T00:00:00Z,2027-02-13T00:00:00Z,1,7:00 pm ET,,,,False
0022600803,2027-02-12,7:00 pm ET,WAS,BKN,Capital One Arena,Washington,DC,2027-02-12,1900-01-01T19:00:00Z,2027-02-12T19:00:00Z,2027-02-12T05:00:00Z,1900-01-01T00:00:00Z,2027-02-13T00:00:00Z,1,7:00 pm ET,,,,False
0022600804,2027-02-12,7:30 pm ET,TOR,CLE,Scotiabank Arena,Toronto,ON,2027-02-12,1900-01-01T19:30:00Z,2027-02-12T19:30:00Z,2027-02-12T05:00:00Z,1900-01-01T00:30:00Z,2027-02-13T00:30:00Z,1,7:30 pm ET,,,,False
0022600805,2027-02-12,8:00 pm ET,BOS,MIN,TD Garden,Boston,MA,2027-02-12,1900-01-01T20:00:00Z,2027-02-12T20:00:00Z,2027-02-12T05:00:00Z,1900-01-01T01:00:00Z,2027-02-13T01:00:00Z,1,8:00 pm ET,,,,False
0022600806,2027-02-12,8:00 pm ET,MEM,LAC,FedExForum,Memphis,TN,2027-02-12,1900-01-01T20:00:00Z,2027-02-12T20:00:00Z,2027-02-12T05:00:00Z,1900-01-01T01:00:00Z,2027-02-13T01:00:00Z,1,8:00 pm ET,,,,False
0022600807,2027-02-12,8:00 pm ET,NOP,HOU,Smoothie King Center,New Orleans,LA,2027-02-12,1900-01-01T20:00:00Z,2027-02-12T20:00:00Z,2027-02-12T05:00:00Z,1900-01-01T01:00:00Z,2027-02-13T01:00:00Z,1,8:00 pm ET,,,,False
0022600808,2027-02-12,10:30 pm ET,LAL,DEN,Crypto.com Arena,Los Angeles,CA,2027-02-12,1900-01-01T22:30:00Z,2027-02-12T22:30:00Z,2027-02-12T05:00:00Z,1900-01-01T03:30:00Z,2027-02-13T03:30:00Z,1,10:30 pm ET,,,,False
0022600809,2027-02-13,2:00 pm ET,IND,SAC,Gainbridge Fieldhouse,Indianapolis,IN,2027-02-13,1900-01-01T14:00:00Z,2027-02-13T14:00:00Z,2027-02-13T05:00:00Z,1900-01-01T19:00:00Z,2027-02-13T19:00:00Z,1,2:00 pm ET,,,,False
0022600810,2027-02-13,3:00 pm ET,CHA,DAL,Spectrum Center,Charlotte,NC,2027-02-13,1900-01-01T15:00:00Z,2027-02-13T15:00:00Z,2027-02-13T05:00:00Z,1900-01-01T20:00:00Z,2027-02-13T20:00:00Z,1,3:00 pm ET,,,,False
0022600811,2027-02-13,3:30 pm ET,POR,DET,Moda Center,Portland,OR,2027-02-13,1900-01-01T15:30:00Z,2027-02-13T15:30:00Z,2027-02-13T05:00:00Z,1900-01-01T20:30:00Z,2027-02-13T20:30:00Z,1,3:30 pm ET,,,,False
0022600812,2027-02-13,5:30 pm ET,OKC,PHI,Paycom Center,Oklahoma City,OK,2027-02-13,1900-01-01T17:30:00Z,2027-02-13T17:30:00Z,2027-02-13T05:00:00Z,1900-01-01T22:30:00Z,2027-02-13T22:30:00Z,1,5:30 pm ET,,,,False
0022600813,2027-02-13,7:00 pm ET,ORL,SAS,Kia Center,Orlando,FL,2027-02-13,1900-01-01T19:00:00Z,2027-02-13T19:00:00Z,2027-02-13T05:00:00Z,1900-01-01T00:00:00Z,2027-02-14T00:00:00Z,1,7:00 pm ET,,,,False
0022600814,2027-02-13,7:00 pm ET,WAS,MIL,Capital One Arena,Washington,DC,2027-02-13,1900-01-01T19:00:00Z,2027-02-13T19:00:00Z,2027-02-13T05:00:00Z,1900-01-01T00:00:00Z,2027-02-14T00:00:00Z,1,7:00 pm ET,,,,False
0022600815,2027-02-13,8:30 pm ET,NYK,GSW,Madison Square Garden,New York,NY,2027-02-13,1900-01-01T20:30:00Z,2027-02-13T20:30:00Z,2027-02-13T05:00:00Z,1900-01-01T01:30:00Z,2027-02-14T01:30:00Z,1,8:30 pm ET,,,,False
0022600816,2027-02-14,1:00 pm ET,ATL,SAC,State Farm Arena,Atlanta,GA,2027-02-14,1900-01-01T13:00:00Z,2027-02-14T13:00:00Z,2027-02-14T05:00:00Z,1900-01-01T18:00:00Z,2027-02-14T18:00:00Z,1,1:00 pm ET,,,,False
0022600817,2027-02-14,1:00 pm ET,BOS,TOR,TD Garden,Boston,MA,2027-02-14,1900-01-01T13:00:00Z,2027-02-14T13:00:00Z,2027-02-14T05:00:00Z,1900-01-01T18:00:00Z,2027-02-14T18:00:00Z,1,1:00 pm ET,,,,False
0022600818,2027-02-14,1:00 pm ET,CLE,PHX,Rocket Arena,Cleveland,OH,2027-02-14,1900-01-01T13:00:00Z,2027-02-14T13:00:00Z,2027-02-14T05:00:00Z,1900-01-01T18:00:00Z,2027-02-14T18:00:00Z,1,1:00 pm ET,,,,False
0022600819,2027-02-14,1:00 pm ET,MIA,BKN,Kaseya Center,Miami,FL,2027-02-14,1900-01-01T13:00:00Z,2027-02-14T13:00:00Z,2027-02-14T05:00:00Z,1900-01-01T18:00:00Z,2027-02-14T18:00:00Z,1,1:00 pm ET,,,,False
0022600820,2027-02-14,2:00 pm ET,HOU,DEN,Toyota Center,Houston,TX,2027-02-14,1900-01-01T14:00:00Z,2027-02-14T14:00:00Z,2027-02-14T05:00:00Z,1900-01-01T19:00:00Z,2027-02-14T19:00:00Z,1,2:00 pm ET,,,,False
0022600821,2027-02-14,2:00 pm ET,NOP,LAC,Smoothie King Center,New Orleans,LA,2027-02-14,1900-01-01T14:00:00Z,2027-02-14T14:00:00Z,2027-02-14T05:00:00Z,1900-01-01T19:00:00Z,2027-02-14T19:00:00Z,1,2:00 pm ET,,,,False
0022600822,2027-02-14,3:30 pm ET,POR,CHI,Moda Center,Portland,OR,2027-02-14,1900-01-01T15:30:00Z,2027-02-14T15:30:00Z,2027-02-14T05:00:00Z,1900-01-01T20:30:00Z,2027-02-14T20:30:00Z,1,3:30 pm ET,,,,False
0022600081,2027-02-15,12:00 pm ET,CHA,MIN,Spectrum Center,Charlotte,NC,2027-02-15,1900-01-01T12:00:00Z,2027-02-15T12:00:00Z,2027-02-15T05:00:00Z,1900-01-01T17:00:00Z,2027-02-15T17:00:00Z,1,12:00 pm ET,,,,False
0022600082,2027-02-15,2:30 pm ET,DAL,PHI,American Airlines Center,Dallas,TX,2027-02-15,1900-01-01T14:30:00Z,2027-02-15T14:30:00Z,2027-02-15T05:00:00Z,1900-01-01T19:30:00Z,2027-02-15T19:30:00Z,1,2:30 pm ET,,,,False
0022600083,2027-02-15,5:00 pm ET,MIA,SAS,Kaseya Center,Miami,FL,2027-02-15,1900-01-01T17:00:00Z,2027-02-15T17:00:00Z,2027-02-15T05:00:00Z,1900-01-01T22:00:00Z,2027-02-15T22:00:00Z,1,5:00 pm ET,,,,False
0022600823,2027-02-15,7:00 pm ET,WAS,PHX,Capital One Arena,Washington,DC,2027-02-15,1900-01-01T19:00:00Z,2027-02-15T19:00:00Z,2027-02-15T05:00:00Z,1900-01-01T00:00:00Z,2027-02-16T00:00:00Z,1,7:00 pm ET,,,,False
0022600084,2027-02-15,7:30 pm ET,GSW,IND,Chase Center,San Francisco,CA,2027-02-15,1900-01-01T19:30:00Z,2027-02-15T19:30:00Z,2027-02-15T05:00:00Z,1900-01-01T00:30:00Z,2027-02-16T00:30:00Z,1,7:30 pm ET,,,,False
0022600824,2027-02-15,8:00 pm ET,MEM,NYK,FedExForum,Memphis,TN,2027-02-15,1900-01-01T20:00:00Z,2027-02-15T20:00:00Z,2027-02-15T05:00:00Z,1900-01-01T01:00:00Z,2027-02-16T01:00:00Z,1,8:00 pm ET,,,,False
0022600825,2027-02-15,8:00 pm ET,OKC,ORL,Paycom Center,Oklahoma City,OK,2027-02-15,1900-01-01T20:00:00Z,2027-02-15T20:00:00Z,2027-02-15T05:00:00Z,1900-01-01T01:00:00Z,2027-02-16T01:00:00Z,1,8:00 pm ET,,,,False
0022600826,2027-02-15,9:00 pm ET,UTA,DET,Delta Center,Salt Lake City,UT,2027-02-15,1900-01-01T21:00:00Z,2027-02-15T21:00:00Z,2027-02-15T05:00:00Z,1900-01-01T02:00:00Z,2027-02-16T02:00:00Z,1,9:00 pm ET,,,,False
0022600827,2027-02-16,7:00 pm ET,CLE,MIL,Rocket Arena,Cleveland,OH,2027-02-16,1900-01-01T19:00:00Z,2027-02-16T19:00:00Z,2027-02-16T05:00:00Z,1900-01-01T00:00:00Z,2027-02-17T00:00:00Z,1,7:00 pm ET,,,,False
0022600828,2027-02-16,8:00 pm ET,ATL,TOR,State Farm Arena,Atlanta,GA,2027-02-16,1900-01-01T20:00:00Z,2027-02-16T20:00:00Z,2027-02-16T05:00:00Z,1900-01-01T01:00:00Z,2027-02-17T01:00:00Z,1,8:00 pm ET,,,,False
0022600829,2027-02-16,10:00 pm ET,LAL,CHI,Crypto.com Arena,Los Angeles,CA,2027-02-16,1900-01-01T22:00:00Z,2027-02-16T22:00:00Z,2027-02-16T05:00:00Z,1900-01-01T03:00:00Z,2027-02-17T03:00:00Z,1,10:00 pm ET,,,,False
0022600830,2027-02-16,10:00 pm ET,POR,NOP,Moda Center,Portland,OR,2027-02-16,1900-01-01T22:00:00Z,2027-02-16T22:00:00Z,2027-02-16T05:00:00Z,1900-01-01T03:00:00Z,2027-02-17T03:00:00Z,1,10:00 pm ET,,,,False
0022600831,2027-02-16,11:00 pm ET,LAC,HOU,Intuit Dome,Inglewood,CA,2027-02-16,1900-01-01T23:00:00Z,2027-02-16T23:00:00Z,2027-02-16T05:00:00Z,1900-01-01T04:00:00Z,2027-02-17T04:00:00Z,1,11:00 pm ET,,,,False
0022600832,2027-02-17,7:00 pm ET,CHA,TOR,Spectrum Center,Charlotte,NC,2027-02-17,1900-01-01T19:00:00Z,2027-02-17T19:00:00Z,2027-02-17T05:00:00Z,1900-01-01T00:00:00Z,2027-02-18T00:00:00Z,1,7:00 pm ET,,,,False
0022600833,2027-02-17,7:00 pm ET,CLE,MIL,Rocket Arena,Cleveland,OH,2027-02-17,1900-01-01T19:00:00Z,2027-02-17T19:00:00Z,2027-02-17T05:00:00Z,1900-01-01T00:00:00Z,2027-02-18T00:00:00Z,1,7:00 pm ET,,,,False
0022600834,2027-02-17,7:00 pm ET,DET,NYK,Little Caesars Arena,Detroit,MI,2027-02-17,1900-01-01T19:00:00Z,2027-02-17T19:00:00Z,2027-02-17T05:00:00Z,1900-01-01T00:00:00Z,2027-02-18T00:00:00Z,1,7:00 pm ET,,,,False
0022600835,2027-02-17,7:00 pm ET,ORL,DAL,Kia Center,Orlando,FL,2027-02-17,1900-01-01T19:00:00Z,2027-02-17T19:00:00Z,2027-02-17T05:00:00Z,1900-01-01T00:00:00Z,2027-02-18T00:00:00Z,1,7:00 pm ET,,,,False
0022600836,2027-02-17,7:00 pm ET,PHI,PHX,Xfinity Mobile Arena,Philadelphia,PA,2027-02-17,1900-01-01T19:00:00Z,2027-02-17T19:00:00Z,2027-02-17T05:00:00Z,1900-01-01T00:00:00Z,2027-02-18T00:00:00Z,1,7:00 pm ET,,,,False
0022600837,2027-02-17,7:00 pm ET,WAS,MIA,Capital One Arena,Washington,DC,2027-02-17,1900-01-01T19:00:00Z,2027-02-17T19:00:00Z,2027-02-17T05:00:00Z,1900-01-01T00:00:00Z,2027-02-18T00:00:00Z,1,7:00 pm ET,,,,False
0022600838,2027-02-17,7:30 pm ET,BKN,ATL,Barclays Center,Brooklyn,NY,2027-02-17,1900-01-01T19:30:00Z,2027-02-17T19:30:00Z,2027-02-17T05:00:00Z,1900-01-01T00:30:00Z,2027-02-18T00:30:00Z,1,7:30 pm ET,,,,False
0022600839,2027-02-17,8:00 pm ET,MEM,SAS,FedExForum,Memphis,TN,2027-02-17,1900-01-01T20:00:00Z,2027-02-17T20:00:00Z,2027-02-17T05:00:00Z,1900-01-01T01:00:00Z,2027-02-18T01:00:00Z,1,8:00 pm ET,,,,False
0022600840,2027-02-17,9:00 pm ET,DEN,UTA,Ball Arena,Denver,CO,2027-02-17,1900-01-01T21:00:00Z,2027-02-17T21:00:00Z,2027-02-17T05:00:00Z,1900-01-01T02:00:00Z,2027-02-18T02:00:00Z,1,9:00 pm ET,,,,False
0022600841,2027-02-17,9:30 pm ET,OKC,BOS,Paycom Center,Oklahoma City,OK,2027-02-17,1900-01-01T21:30:00Z,2027-02-17T21:30:00Z,2027-02-17T05:00:00Z,1900-01-01T02:30:00Z,2027-02-18T02:30:00Z,1,9:30 pm ET,,,,False
0022600842,2027-02-17,10:00 pm ET,GSW,NOP,Chase Center,San Francisco,CA,2027-02-17,1900-01-01T22:00:00Z,2027-02-17T22:00:00Z,2027-02-17T05:00:00Z,1900-01-01T03:00:00Z,2027-02-18T03:00:00Z,1,10:00 pm ET,,,,False
0022600843,2027-02-17,10:00 pm ET,SAC,IND,Golden 1 Center,Sacramento,CA,2027-02-17,1900-01-01T22:00:00Z,2027-02-17T22:00:00Z,2027-02-17T05:00:00Z,1900-01-01T03:00:00Z,2027-02-18T03:00:00Z,1,10:00 pm ET,,,,False
0022600844,2027-02-17,10:30 pm ET,LAC,CHI,Intuit Dome,Inglewood,CA,2027-02-17,1900-01-01T22:30:00Z,2027-02-17T22:30:00Z,2027-02-17T05:00:00Z,1900-01-01T03:30:00Z,2027-02-18T03:30:00Z,1,10:30 pm ET,,,,False
0022600845,2027-02-18,7:30 pm ET,MIN,SAS,Target Center,Minneapolis,MN,2027-02-18,1900-01-01T19:30:00Z,2027-02-18T19:30:00Z,2027-02-18T05:00:00Z,1900-01-01T00:30:00Z,2027-02-19T00:30:00Z,1,7:30 pm ET,,,,False
0022600846,2027-02-18,8:00 pm ET,MEM,BOS,FedExForum,Memphis,TN,2027-02-18,1900-01-01T20:00:00Z,2027-02-18T20:00:00Z,2027-02-18T05:00:00Z,1900-01-01T01:00:00Z,2027-02-19T01:00:00Z,1,8:00 pm ET,,,,False
0022600847,2027-02-18,10:00 pm ET,LAL,HOU,Crypto.com Arena,Los Angeles,CA,2027-02-18,1900-01-01T22:00:00Z,2027-02-18T22:00:00Z,2027-02-18T05:00:00Z,1900-01-01T03:00:00Z,2027-02-19T03:00:00Z,1,10:00 pm ET,,,,False
0022600848,2027-02-18,10:00 pm ET,POR,IND,Moda Center,Portland,OR,2027-02-18,1900-01-01T22:00:00Z,2027-02-18T22:00:00Z,2027-02-18T05:00:00Z,1900-01-01T03:00:00Z,2027-02-19T03:00:00Z,1,10:00 pm ET,,,,False
0022600849,2027-02-25,7:00 pm ET,CLE,SAC,Rocket Arena,Cleveland,OH,2027-02-25,1900-01-01T19:00:00Z,2027-02-25T19:00:00Z,2027-02-25T05:00:00Z,1900-01-01T00:00:00Z,2027-02-26T00:00:00Z,1,7:00 pm ET,,,,False
0022600850,2027-02-25,7:00 pm ET,DET,MIA,Little Caesars Arena,Detroit,MI,2027-02-25,1900-01-01T19:00:00Z,2027-02-25T19:00:00Z,2027-02-25T05:00:00Z,1900-01-01T00:00:00Z,2027-02-26T00:00:00Z,1,7:00 pm ET,,,,False
0022600851,2027-02-25,7:00 pm ET,ORL,CHA,Kia Center,Orlando,FL,2027-02-25,1900-01-01T19:00:00Z,2027-02-25T19:00:00Z,2027-02-25T05:00:00Z,1900-01-01T00:00:00Z,2027-02-26T00:00:00Z,1,7:00 pm ET,,,,False
0022600852,2027-02-25,7:30 pm ET,BKN,PHI,Barclays Center,Brooklyn,NY,2027-02-25,1900-01-01T19:30:00Z,2027-02-25T19:30:00Z,2027-02-25T05:00:00Z,1900-01-01T00:30:00Z,2027-02-26T00:30:00Z,1,7:30 pm ET,,,,False
0022600853,2027-02-25,7:30 pm ET,NYK,OKC,Madison Square Garden,New York,NY,2027-02-25,1900-01-01T19:30:00Z,2027-02-25T19:30:00Z,2027-02-25T05:00:00Z,1900-01-01T00:30:00Z,2027-02-26T00:30:00Z,1,7:30 pm ET,,,,False
0022600854,2027-02-25,8:00 pm ET,CHI,ATL,United Center,Chicago,IL,2027-02-25,1900-01-01T20:00:00Z,2027-02-25T20:00:00Z,2027-02-25T05:00:00Z,1900-01-01T01:00:00Z,2027-02-26T01:00:00Z,1,8:00 pm ET,,,,False
0022600855,2027-02-25,8:00 pm ET,MIL,WAS,Fiserv Forum,Milwaukee,WI,2027-02-25,1900-01-01T20:00:00Z,2027-02-25T20:00:00Z,2027-02-25T05:00:00Z,1900-01-01T01:00:00Z,2027-02-26T01:00:00Z,1,8:00 pm ET,,,,False
0022600856,2027-02-25,8:00 pm ET,NOP,PHX,Smoothie King Center,New Orleans,LA,2027-02-25,1900-01-01T20:00:00Z,2027-02-25T20:00:00Z,2027-02-25T05:00:00Z,1900-01-01T01:00:00Z,2027-02-26T01:00:00Z,1,8:00 pm ET,,,,False
0022600857,2027-02-25,10:00 pm ET,GSW,DAL,Chase Center,San Francisco,CA,2027-02-25,1900-01-01T22:00:00Z,2027-02-25T22:00:00Z,2027-02-25T05:00:00Z,1900-01-01T03:00:00Z,2027-02-26T03:00:00Z,1,10:00 pm ET,,,,False
0022600858,2027-02-25,10:30 pm ET,LAC,UTA,Intuit Dome,Inglewood,CA,2027-02-25,1900-01-01T22:30:00Z,2027-02-25T22:30:00Z,2027-02-25T05:00:00Z,1900-01-01T03:30:00Z,2027-02-26T03:30:00Z,1,10:30 pm ET,,,,False
0022600859,2027-02-26,7:30 pm ET,BOS,CLE,TD Garden,Boston,MA,2027-02-26,1900-01-01T19:30:00Z,2027-02-26T19:30:00Z,2027-02-26T05:00:00Z,1900-01-01T00:30:00Z,2027-02-27T00:30:00Z,1,7:30 pm ET,,,,False
0022600860,2027-02-26,7:30 pm ET,TOR,ATL,Scotiabank Arena,Toronto,ON,2027-02-26,1900-01-01T19:30:00Z,2027-02-26T19:30:00Z,2027-02-26T05:00:00Z,1900-01-01T00:30:00Z,2027-02-27T00:30:00Z,1,7:30 pm ET,,,,False
0022600861,2027-02-26,8:00 pm ET,MIN,IND,Target Center,Minneapolis,MN,2027-02-26,1900-01-01T20:00:00Z,2027-02-26T20:00:00Z,2027-02-26T05:00:00Z,1900-01-01T01:00:00Z,2027-02-27T01:00:00Z,1,8:00 pm ET,,,,False
0022600862,2027-02-26,8:00 pm ET,SAS,MEM,Moody Center,Austin,TX,2027-02-26,1900-01-01T20:00:00Z,2027-02-26T20:00:00Z,2027-02-26T05:00:00Z,1900-01-01T01:00:00Z,2027-02-27T01:00:00Z,1,8:00 pm ET,,,,False
0022600863,2027-02-26,8:30 pm ET,HOU,CHA,Toyota Center,Houston,TX,2027-02-26,1900-01-01T20:30:00Z,2027-02-26T20:30:00Z,2027-02-26T05:00:00Z,1900-01-01T01:30:00Z,2027-02-27T01:30:00Z,1,8:30 pm ET,,,,False
0022600864,2027-02-26,10:00 pm ET,DEN,LAL,Ball Arena,Denver,CO,2027-02-26,1900-01-01T22:00:00Z,2027-02-26T22:00:00Z,2027-02-26T05:00:00Z,1900-01-01T03:00:00Z,2027-02-27T03:00:00Z,1,10:00 pm ET,,,,False
0022600865,2027-02-26,10:00 pm ET,POR,DAL,Moda Center,Portland,OR,2027-02-26,1900-01-01T22:00:00Z,2027-02-26T22:00:00Z,2027-02-26T05:00:00Z,1900-01-01T03:00:00Z,2027-02-27T03:00:00Z,1,10:00 pm ET,,,,False
0022600866,2027-02-27,3:00 pm ET,UTA,WAS,Delta Center,Salt Lake City,UT,2027-02-27,1900-01-01T15:00:00Z,2027-02-27T15:00:00Z,2027-02-27T05:00:00Z,1900-01-01T20:00:00Z,2027-02-27T20:00:00Z,1,3:00 pm ET,,,,False
0022600867,2027-02-27,5:30 pm ET,DET,OKC,Little Caesars Arena,Detroit,MI,2027-02-27,1900-01-01T17:30:00Z,2027-02-27T17:30:00Z,2027-02-27T05:00:00Z,1900-01-01T22:30:00Z,2027-02-27T22:30:00Z,1,5:30 pm ET,,,,False
0022600868,2027-02-27,8:00 pm ET,CHI,BKN,United Center,Chicago,IL,2027-02-27,1900-01-01T20:00:00Z,2027-02-27T20:00:00Z,2027-02-27T05:00:00Z,1900-01-01T01:00:00Z,2027-02-28T01:00:00Z,1,8:00 pm ET,,,,False
0022600869,2027-02-27,8:00 pm ET,MEM,SAC,FedExForum,Memphis,TN,2027-02-27,1900-01-01T20:00:00Z,2027-02-27T20:00:00Z,2027-02-27T05:00:00Z,1900-01-01T01:00:00Z,2027-02-28T01:00:00Z,1,8:00 pm ET,,,,False
0022600870,2027-02-27,8:30 pm ET,NYK,PHI,Madison Square Garden,New York,NY,2027-02-27,1900-01-01T20:30:00Z,2027-02-27T20:30:00Z,2027-02-27T05:00:00Z,1900-01-01T01:30:00Z,2027-02-28T01:30:00Z,1,8:30 pm ET,,,,False
0022600871,2027-02-27,9:00 pm ET,PHX,NOP,Mortgage Matchup Center,Phoenix,AZ,2027-02-27,1900-01-01T21:00:00Z,2027-02-27T21:00:00Z,2027-02-27T05:00:00Z,1900-01-01T02:00:00Z,2027-02-28T02:00:00Z,1,9:00 pm ET,,,,False
0022600872,2027-02-28,1:00 pm ET,SAS,DEN,Moody Center,Austin,TX,2027-02-28,1900-01-01T13:00:00Z,2027-02-28T13:00:00Z,2027-02-28T05:00:00Z,1900-01-01T18:00:00Z,2027-02-28T18:00:00Z,1,1:00 pm ET,,,,False
0022600873,2027-02-28,3:30 pm ET,DAL,LAL,American Airlines Center,Dallas,TX,2027-02-28,1900-01-01T15:30:00Z,2027-02-28T15:30:00Z,2027-02-28T05:00:00Z,1900-01-01T20:30:00Z,2027-02-28T20:30:00Z,1,3:30 pm ET,,,,False
0022600874,2027-02-28,4:00 pm ET,IND,TOR,Gainbridge Fieldhouse,Indianapolis,IN,2027-02-28,1900-01-01T16:00:00Z,2027-02-28T16:00:00Z,2027-02-28T05:00:00Z,1900-01-01T21:00:00Z,2027-02-28T21:00:00Z,1,4:00 pm ET,,,,False
0022600875,2027-02-28,4:30 pm ET,ORL,ATL,Kia Center,Orlando,FL,2027-02-28,1900-01-01T16:30:00Z,2027-02-28T16:30:00Z,2027-02-28T05:00:00Z,1900-01-01T21:30:00Z,2027-02-28T21:30:00Z,1,4:30 pm ET,,,,False
0022600876,2027-02-28,7:00 pm ET,CHA,SAC,Spectrum Center,Charlotte,NC,2027-02-28,1900-01-01T19:00:00Z,2027-02-28T19:00:00Z,2027-02-28T05:00:00Z,1900-01-01T00:00:00Z,2027-03-01T00:00:00Z,1,7:00 pm ET,,,,False
0022600877,2027-02-28,7:00 pm ET,MIN,BOS,Target Center,Minneapolis,MN,2027-02-28,1900-01-01T19:00:00Z,2027-02-28T19:00:00Z,2027-02-28T05:00:00Z,1900-01-01T00:00:00Z,2027-03-01T00:00:00Z,1,7:00 pm ET,,,,False
0022600878,2027-02-28,7:30 pm ET,NYK,MIL,Madison Square Garden,New York,NY,2027-02-28,1900-01-01T19:30:00Z,2027-02-28T19:30:00Z,2027-02-28T05:00:00Z,1900-01-01T00:30:00Z,2027-03-01T00:30:00Z,1,7:30 pm ET,,,,False
0022600879,2027-02-28,9:30 pm ET,HOU,MIA,Toyota Center,Houston,TX,2027-02-28,1900-01-01T21:30:00Z,2027-02-28T21:30:00Z,2027-02-28T05:00:00Z,1900-01-01T02:30:00Z,2027-03-01T02:30:00Z,1,9:30 pm ET,,,,False
0022600880,2027-02-28,10:30 pm ET,LAC,POR,Intuit Dome,Inglewood,CA,2027-02-28,1900-01-01T22:30:00Z,2027-02-28T22:30:00Z,2027-02-28T05:00:00Z,1900-01-01T03:30:00Z,2027-03-01T03:30:00Z,1,10:30 pm ET,,,,False
0022600881,2027-03-01,7:00 pm ET,CLE,PHI,Rocket Arena,Cleveland,OH,2027-03-01,1900-01-01T19:00:00Z,2027-03-01T19:00:00Z,2027-03-01T05:00:00Z,1900-01-01T00:00:00Z,2027-03-02T00:00:00Z,1,7:00 pm ET,,,,False
0022600882,2027-03-01,7:00 pm ET,DET,CHI,Little Caesars Arena,Detroit,MI,2027-03-01,1900-01-01T19:00:00Z,2027-03-01T19:00:00Z,2027-03-01T05:00:00Z,1900-01-01T00:00:00Z,2027-03-02T00:00:00Z,1,7:00 pm ET,,,,False
0022600883,2027-03-01,8:00 pm ET,NOP,UTA,Smoothie King Center,New Orleans,LA,2027-03-01,1900-01-01T20:00:00Z,2027-03-01T20:00:00Z,2027-03-01T05:00:00Z,1900-01-01T01:00:00Z,2027-03-02T01:00:00Z,1,8:00 pm ET,,,,False
0022600884,2027-03-01,8:30 pm ET,HOU,GSW,Toyota Center,Houston,TX,2027-03-01,1900-01-01T20:30:00Z,2027-03-01T20:30:00Z,2027-03-01T05:00:00Z,1900-01-01T01:30:00Z,2027-03-02T01:30:00Z,1,8:30 pm ET,,,,False
0022600885,2027-03-01,9:00 pm ET,DEN,BKN,Ball Arena,Denver,CO,2027-03-01,1900-01-01T21:00:00Z,2027-03-01T21:00:00Z,2027-03-01T05:00:00Z,1900-01-01T02:00:00Z,2027-03-02T02:00:00Z,1,9:00 pm ET,,,,False
0022600886,2027-03-01,9:30 pm ET,PHX,WAS,Mortgage Matchup Center,Phoenix,AZ,2027-03-01,1900-01-01T21:30:00Z,2027-03-01T21:30:00Z,2027-03-01T05:00:00Z,1900-01-01T02:30:00Z,2027-03-02T02:30:00Z,1,9:30 pm ET,,,,False
0022600887,2027-03-02,7:00 pm ET,IND,BOS,Gainbridge Fieldhouse,Indianapolis,IN,2027-03-02,1900-01-01T19:00:00Z,2027-03-02T19:00:00Z,2027-03-02T05:00:00Z,1900-01-01T00:00:00Z,2027-03-03T00:00:00Z,1,7:00 pm ET,,,,False
0022600888,2027-03-02,7:00 pm ET,ORL,LAL,Kia Center,Orlando,FL,2027-03-02,1900-01-01T19:00:00Z,2027-03-02T19:00:00Z,2027-03-02T05:00:00Z,1900-01-01T00:00:00Z,2027-03-03T00:00:00Z,1,7:00 pm ET,,,,False
0022600889,2027-03-02,7:30 pm ET,MIA,TOR,Kaseya Center,Miami,FL,2027-03-02,1900-01-01T19:30:00Z,2027-03-02T19:30:00Z,2027-03-02T05:00:00Z,1900-01-01T00:30:00Z,2027-03-03T00:30:00Z,1,7:30 pm ET,,,,False
0022600890,2027-03-02,7:30 pm ET,NYK,MEM,Madison Square Garden,New York,NY,2027-03-02,1900-01-01T19:30:00Z,2027-03-02T19:30:00Z,2027-03-02T05:00:00Z,1900-01-01T00:30:00Z,2027-03-03T00:30:00Z,1,7:30 pm ET,,,,False
0022600891,2027-03-02,8:00 pm ET,DAL,GSW,American Airlines Center,Dallas,TX,2027-03-02,1900-01-01T20:00:00Z,2027-03-02T20:00:00Z,2027-03-02T05:00:00Z,1900-01-01T01:00:00Z,2027-03-03T01:00:00Z,1,8:00 pm ET,,,,False
0022600892,2027-03-02,8:00 pm ET,MIL,DET,Fiserv Forum,Milwaukee,WI,2027-03-02,1900-01-01T20:00:00Z,2027-03-02T20:00:00Z,2027-03-02T05:00:00Z,1900-01-01T01:00:00Z,2027-03-03T01:00:00Z,1,8:00 pm ET,,,,False
0022600893,2027-03-02,8:00 pm ET,OKC,MIN,Paycom Center,Oklahoma City,OK,2027-03-02,1900-01-01T20:00:00Z,2027-03-02T20:00:00Z,2027-03-02T05:00:00Z,1900-01-01T01:00:00Z,2027-03-03T01:00:00Z,1,8:00 pm ET,,,,False
0022600894,2027-03-02,10:00 pm ET,SAC,WAS,Golden 1 Center,Sacramento,CA,2027-03-02,1900-01-01T22:00:00Z,2027-03-02T22:00:00Z,2027-03-02T05:00:00Z,1900-01-01T03:00:00Z,2027-03-03T03:00:00Z,1,10:00 pm ET,,,,False
0022600895,2027-03-02,11:00 pm ET,POR,LAC,Moda Center,Portland,OR,2027-03-02,1900-01-01T23:00:00Z,2027-03-02T23:00:00Z,2027-03-02T05:00:00Z,1900-01-01T04:00:00Z,2027-03-03T04:00:00Z,1,11:00 pm ET,,,,False
0022600896,2027-03-03,7:00 pm ET,ATL,CHI,State Farm Arena,Atlanta,GA,2027-03-03,1900-01-01T19:00:00Z,2027-03-03T19:00:00Z,2027-03-03T05:00:00Z,1900-01-01T00:00:00Z,2027-03-04T00:00:00Z,1,7:00 pm ET,,,,False
0022600897,2027-03-03,7:00 pm ET,PHI,CHA,Xfinity Mobile Arena,Philadelphia,PA,2027-03-03,1900-01-01T19:00:00Z,2027-03-03T19:00:00Z,2027-03-03T05:00:00Z,1900-01-01T00:00:00Z,2027-03-04T00:00:00Z,1,7:00 pm ET,,,,False
0022600898,2027-03-03,7:30 pm ET,MIA,TOR,Kaseya Center,Miami,FL,2027-03-03,1900-01-01T19:30:00Z,2027-03-03T19:30:00Z,2027-03-03T05:00:00Z,1900-01-01T00:30:00Z,2027-03-04T00:30:00Z,1,7:30 pm ET,,,,False
0022600899,2027-03-03,8:00 pm ET,MIL,UTA,Fiserv Forum,Milwaukee,WI,2027-03-03,1900-01-01T20:00:00Z,2027-03-03T20:00:00Z,2027-03-03T05:00:00Z,1900-01-01T01:00:00Z,2027-03-04T01:00:00Z,1,8:00 pm ET,,,,False
0022600900,2027-03-03,8:30 pm ET,HOU,NOP,Toyota Center,Houston,TX,2027-03-03,1900-01-01T20:30:00Z,2027-03-03T20:30:00Z,2027-03-03T05:00:00Z,1900-01-01T01:30:00Z,2027-03-04T01:30:00Z,1,8:30 pm ET,,,,False
0022600901,2027-03-03,9:00 pm ET,PHX,BKN,Mortgage Matchup Center,Phoenix,AZ,2027-03-03,1900-01-01T21:00:00Z,2027-03-03T21:00:00Z,2027-03-03T05:00:00Z,1900-01-01T02:00:00Z,2027-03-04T02:00:00Z,1,9:00 pm ET,,,,False
0022600902,2027-03-03,10:00 pm ET,DEN,SAS,Ball Arena,Denver,CO,2027-03-03,1900-01-01T22:00:00Z,2027-03-03T22:00:00Z,2027-03-03T05:00:00Z,1900-01-01T03:00:00Z,2027-03-04T03:00:00Z,1,10:00 pm ET,,,,False
0022600903,2027-03-04,7:00 pm ET,CLE,POR,Rocket Arena,Cleveland,OH,2027-03-04,1900-01-01T19:00:00Z,2027-03-04T19:00:00Z,2027-03-04T05:00:00Z,1900-01-01T00:00:00Z,2027-03-05T00:00:00Z,1,7:00 pm ET,,,,False
0022600904,2027-03-04,7:00 pm ET,ORL,IND,Kia Center,Orlando,FL,2027-03-04,1900-01-01T19:00:00Z,2027-03-04T19:00:00Z,2027-03-04T05:00:00Z,1900-01-01T00:00:00Z,2027-03-05T00:00:00Z,1,7:00 pm ET,,,,False
0022600905,2027-03-04,7:00 pm ET,PHI,LAL,Xfinity Mobile Arena,Philadelphia,PA,2027-03-04,1900-01-01T19:00:00Z,2027-03-04T19:00:00Z,2027-03-04T05:00:00Z,1900-01-01T00:00:00Z,2027-03-05T00:00:00Z,1,7:00 pm ET,,,,False
0022600906,2027-03-04,7:30 pm ET,ATL,MEM,State Farm Arena,Atlanta,GA,2027-03-04,1900-01-01T19:30:00Z,2027-03-04T19:30:00Z,2027-03-04T05:00:00Z,1900-01-01T00:30:00Z,2027-03-05T00:30:00Z,1,7:30 pm ET,,,,False
0022600907,2027-03-04,9:30 pm ET,DAL,NYK,American Airlines Center,Dallas,TX,2027-03-04,1900-01-01T21:30:00Z,2027-03-04T21:30:00Z,2027-03-04T05:00:00Z,1900-01-01T02:30:00Z,2027-03-05T02:30:00Z,1,9:30 pm ET,,,,False
0022600908,2027-03-04,10:00 pm ET,GSW,WAS,Chase Center,San Francisco,CA,2027-03-04,1900-01-01T22:00:00Z,2027-03-04T22:00:00Z,2027-03-04T05:00:00Z,1900-01-01T03:00:00Z,2027-03-05T03:00:00Z,1,10:00 pm ET,,,,False
0022600909,2027-03-04,10:00 pm ET,SAC,OKC,Golden 1 Center,Sacramento,CA,2027-03-04,1900-01-01T22:00:00Z,2027-03-04T22:00:00Z,2027-03-04T05:00:00Z,1900-01-01T03:00:00Z,2027-03-05T03:00:00Z,1,10:00 pm ET,,,,False
0022600910,2027-03-04,10:30 pm ET,LAC,BKN,Intuit Dome,Inglewood,CA,2027-03-04,1900-01-01T22:30:00Z,2027-03-04T22:30:00Z,2027-03-04T05:00:00Z,1900-01-01T03:30:00Z,2027-03-05T03:30:00Z,1,10:30 pm ET,,,,False
0022600911,2027-03-05,7:00 pm ET,DET,BOS,Little Caesars Arena,Detroit,MI,2027-03-05,1900-01-01T19:00:00Z,2027-03-05T19:00:00Z,2027-03-05T05:00:00Z,1900-01-01T00:00:00Z,2027-03-06T00:00:00Z,1,7:00 pm ET,,,,False
0022600912,2027-03-05,7:00 pm ET,ORL,UTA,Kia Center,Orlando,FL,2027-03-05,1900-01-01T19:00:00Z,2027-03-05T19:00:00Z,2027-03-05T05:00:00Z,1900-01-01T00:00:00Z,2027-03-06T00:00:00Z,1,7:00 pm ET,,,,False
0022600913,2027-03-05,7:30 pm ET,TOR,POR,Scotiabank Arena,Toronto,ON,2027-03-05,1900-01-01T19:30:00Z,2027-03-05T19:30:00Z,2027-03-05T05:00:00Z,1900-01-01T00:30:00Z,2027-03-06T00:30:00Z,1,7:30 pm ET,,,,False
0022600914,2027-03-05,8:00 pm ET,NOP,MIL,Smoothie King Center,New Orleans,LA,2027-03-05,1900-01-01T20:00:00Z,2027-03-05T20:00:00Z,2027-03-05T05:00:00Z,1900-01-01T01:00:00Z,2027-03-06T01:00:00Z,1,8:00 pm ET,,,,False
0022600915,2027-03-05,9:00 pm ET,PHX,MIN,Mortgage Matchup Center,Phoenix,AZ,2027-03-05,1900-01-01T21:00:00Z,2027-03-05T21:00:00Z,2027-03-05T05:00:00Z,1900-01-01T02:00:00Z,2027-03-06T02:00:00Z,1,9:00 pm ET,,,,False
0022600916,2027-03-05,9:30 pm ET,HOU,SAS,Toyota Center,Houston,TX,2027-03-05,1900-01-01T21:30:00Z,2027-03-05T21:30:00Z,2027-03-05T05:00:00Z,1900-01-01T02:30:00Z,2027-03-06T02:30:00Z,1,9:30 pm ET,,,,False
0022600917,2027-03-06,3:00 pm ET,MIA,IND,Kaseya Center,Miami,FL,2027-03-06,1900-01-01T15:00:00Z,2027-03-06T15:00:00Z,2027-03-06T05:00:00Z,1900-01-01T20:00:00Z,2027-03-06T20:00:00Z,1,3:00 pm ET,,,,False
0022600918,2027-03-06,5:00 pm ET,CHI,CHA,United Center,Chicago,IL,2027-03-06,1900-01-01T17:00:00Z,2027-03-06T17:00:00Z,2027-03-06T05:00:00Z,1900-01-01T22:00:00Z,2027-03-06T22:00:00Z,1,5:00 pm ET,,,,False
0022600919,2027-03-06,5:30 pm ET,CLE,ATL,Rocket Arena,Cleveland,OH,2027-03-06,1900-01-01T17:30:00Z,2027-03-06T17:30:00Z,2027-03-06T05:00:00Z,1900-01-01T22:30:00Z,2027-03-06T22:30:00Z,1,5:30 pm ET,,,,False
0022600920,2027-03-06,7:00 pm ET,WAS,UTA,Capital One Arena,Washington,DC,2027-03-06,1900-01-01T19:00:00Z,2027-03-06T19:00:00Z,2027-03-06T05:00:00Z,1900-01-01T00:00:00Z,2027-03-07T00:00:00Z,1,7:00 pm ET,,,,False
0022600921,2027-03-06,8:00 pm ET,MEM,NOP,FedExForum,Memphis,TN,2027-03-06,1900-01-01T20:00:00Z,2027-03-06T20:00:00Z,2027-03-06T05:00:00Z,1900-01-01T01:00:00Z,2027-03-07T01:00:00Z,1,8:00 pm ET,,,,False
0022600922,2027-03-06,8:30 pm ET,LAL,OKC,Crypto.com Arena,Los Angeles,CA,2027-03-06,1900-01-01T20:30:00Z,2027-03-06T20:30:00Z,2027-03-06T05:00:00Z,1900-01-01T01:30:00Z,2027-03-07T01:30:00Z,1,8:30 pm ET,,,,False
0022600923,2027-03-06,10:00 pm ET,SAC,LAC,Golden 1 Center,Sacramento,CA,2027-03-06,1900-01-01T22:00:00Z,2027-03-06T22:00:00Z,2027-03-06T05:00:00Z,1900-01-01T03:00:00Z,2027-03-07T03:00:00Z,1,10:00 pm ET,,,,False
0022600924,2027-03-07,1:00 pm ET,BOS,PHI,TD Garden,Boston,MA,2027-03-07,1900-01-01T13:00:00Z,2027-03-07T13:00:00Z,2027-03-07T05:00:00Z,1900-01-01T18:00:00Z,2027-03-07T18:00:00Z,1,1:00 pm ET,,,,False
0022600925,2027-03-07,3:30 pm ET,DEN,MIN,Ball Arena,Denver,CO,2027-03-07,1900-01-01T15:30:00Z,2027-03-07T15:30:00Z,2027-03-07T05:00:00Z,1900-01-01T20:30:00Z,2027-03-07T20:30:00Z,1,3:30 pm ET,,,,False
0022600926,2027-03-07,5:00 pm ET,CHI,POR,United Center,Chicago,IL,2027-03-07,1900-01-01T17:00:00Z,2027-03-07T17:00:00Z,2027-03-07T05:00:00Z,1900-01-01T22:00:00Z,2027-03-07T22:00:00Z,1,5:00 pm ET,,,,False
0022600927,2027-03-07,7:30 pm ET,SAS,NYK,Frost Bank Center,San Antonio,TX,2027-03-07,1900-01-01T19:30:00Z,2027-03-07T19:30:00Z,2027-03-07T05:00:00Z,1900-01-01T00:30:00Z,2027-03-08T00:30:00Z,1,7:30 pm ET,,,,False
0022600928,2027-03-07,10:00 pm ET,GSW,HOU,Chase Center,San Francisco,CA,2027-03-07,1900-01-01T22:00:00Z,2027-03-07T22:00:00Z,2027-03-07T05:00:00Z,1900-01-01T03:00:00Z,2027-03-08T03:00:00Z,1,10:00 pm ET,,,,False
0022600929,2027-03-07,10:30 pm ET,LAL,BKN,Crypto.com Arena,Los Angeles,CA,2027-03-07,1900-01-01T22:30:00Z,2027-03-07T22:30:00Z,2027-03-07T05:00:00Z,1900-01-01T03:30:00Z,2027-03-08T03:30:00Z,1,10:30 pm ET,,,,False
0022600930,2027-03-08,7:00 pm ET,IND,CHA,Gainbridge Fieldhouse,Indianapolis,IN,2027-03-08,1900-01-01T19:00:00Z,2027-03-08T19:00:00Z,2027-03-08T05:00:00Z,1900-01-01T00:00:00Z,2027-03-09T00:00:00Z,1,7:00 pm ET,,,,False
0022600931,2027-03-08,7:00 pm ET,PHI,UTA,Xfinity Mobile Arena,Philadelphia,PA,2027-03-08,1900-01-01T19:00:00Z,2027-03-08T19:00:00Z,2027-03-08T05:00:00Z,1900-01-01T00:00:00Z,2027-03-09T00:00:00Z,1,7:00 pm ET,,,,False
0022600932,2027-03-08,7:30 pm ET,MIA,PHX,Kaseya Center,Miami,FL,2027-03-08,1900-01-01T19:30:00Z,2027-03-08T19:30:00Z,2027-03-08T05:00:00Z,1900-01-01T00:30:00Z,2027-03-09T00:30:00Z,1,7:30 pm ET,,,,False
0022600933,2027-03-08,8:00 pm ET,MEM,ATL,FedExForum,Memphis,TN,2027-03-08,1900-01-01T20:00:00Z,2027-03-08T20:00:00Z,2027-03-08T05:00:00Z,1900-01-01T01:00:00Z,2027-03-09T01:00:00Z,1,8:00 pm ET,,,,False
0022600934,2027-03-08,8:00 pm ET,MIN,NOP,Target Center,Minneapolis,MN,2027-03-08,1900-01-01T20:00:00Z,2027-03-08T20:00:00Z,2027-03-08T05:00:00Z,1900-01-01T01:00:00Z,2027-03-09T01:00:00Z,1,8:00 pm ET,,,,False
0022600935,2027-03-08,9:30 pm ET,OKC,DAL,Paycom Center,Oklahoma City,OK,2027-03-08,1900-01-01T21:30:00Z,2027-03-08T21:30:00Z,2027-03-08T05:00:00Z,1900-01-01T02:30:00Z,2027-03-09T02:30:00Z,1,9:30 pm ET,,,,False
0022600936,2027-03-08,10:00 pm ET,SAC,DEN,Golden 1 Center,Sacramento,CA,2027-03-08,1900-01-01T22:00:00Z,2027-03-08T22:00:00Z,2027-03-08T05:00:00Z,1900-01-01T03:00:00Z,2027-03-09T03:00:00Z,1,10:00 pm ET,,,,False
0022600937,2027-03-08,10:30 pm ET,LAC,HOU,Intuit Dome,Inglewood,CA,2027-03-08,1900-01-01T22:30:00Z,2027-03-08T22:30:00Z,2027-03-08T05:00:00Z,1900-01-01T03:30:00Z,2027-03-09T03:30:00Z,1,10:30 pm ET,,,,False
0022600938,2027-03-09,7:00 pm ET,ORL,PHX,Kia Center,Orlando,FL,2027-03-09,1900-01-01T19:00:00Z,2027-03-09T19:00:00Z,2027-03-09T05:00:00Z,1900-01-01T00:00:00Z,2027-03-10T00:00:00Z,1,7:00 pm ET,,,,False
0022600939,2027-03-09,7:30 pm ET,BKN,MIL,Barclays Center,Brooklyn,NY,2027-03-09,1900-01-01T19:30:00Z,2027-03-09T19:30:00Z,2027-03-09T05:00:00Z,1900-01-01T00:30:00Z,2027-03-10T00:30:00Z,1,7:30 pm ET,,,,False
0022600940,2027-03-09,8:00 pm ET,DET,CLE,Little Caesars Arena,Detroit,MI,2027-03-09,1900-01-01T20:00:00Z,2027-03-09T20:00:00Z,2027-03-09T05:00:00Z,1900-01-01T01:00:00Z,2027-03-10T01:00:00Z,1,8:00 pm ET,,,,False
0022600941,2027-03-09,8:00 pm ET,CHI,BOS,United Center,Chicago,IL,2027-03-09,1900-01-01T20:00:00Z,2027-03-09T20:00:00Z,2027-03-09T05:00:00Z,1900-01-01T01:00:00Z,2027-03-10T01:00:00Z,1,8:00 pm ET,,,,False
0022600942,2027-03-09,8:00 pm ET,DAL,MEM,American Airlines Center,Dallas,TX,2027-03-09,1900-01-01T20:00:00Z,2027-03-09T20:00:00Z,2027-03-09T05:00:00Z,1900-01-01T01:00:00Z,2027-03-10T01:00:00Z,1,8:00 pm ET,,,,False
0022600943,2027-03-09,8:00 pm ET,SAS,WAS,Frost Bank Center,San Antonio,TX,2027-03-09,1900-01-01T20:00:00Z,2027-03-09T20:00:00Z,2027-03-09T05:00:00Z,1900-01-01T01:00:00Z,2027-03-10T01:00:00Z,1,8:00 pm ET,,,,False
0022600944,2027-03-09,11:00 pm ET,GSW,POR,Chase Center,San Francisco,CA,2027-03-09,1900-01-01T23:00:00Z,2027-03-09T23:00:00Z,2027-03-09T05:00:00Z,1900-01-01T04:00:00Z,2027-03-10T04:00:00Z,1,11:00 pm ET,,,,False
0022600945,2027-03-10,7:00 pm ET,CHA,NOP,Spectrum Center,Charlotte,NC,2027-03-10,1900-01-01T19:00:00Z,2027-03-10T19:00:00Z,2027-03-10T05:00:00Z,1900-01-01T00:00:00Z,2027-03-11T00:00:00Z,1,7:00 pm ET,,,,False
0022600946,2027-03-10,7:00 pm ET,MIA,ORL,Kaseya Center,Miami,FL,2027-03-10,1900-01-01T19:00:00Z,2027-03-10T19:00:00Z,2027-03-10T05:00:00Z,1900-01-01T00:00:00Z,2027-03-11T00:00:00Z,1,7:00 pm ET,,,,False
0022600947,2027-03-10,7:30 pm ET,TOR,OKC,Scotiabank Arena,Toronto,ON,2027-03-10,1900-01-01T19:30:00Z,2027-03-10T19:30:00Z,2027-03-10T05:00:00Z,1900-01-01T00:30:00Z,2027-03-11T00:30:00Z,1,7:30 pm ET,,,,False
0022600948,2027-03-10,9:00 pm ET,UTA,HOU,Delta Center,Salt Lake City,UT,2027-03-10,1900-01-01T21:00:00Z,2027-03-10T21:00:00Z,2027-03-10T05:00:00Z,1900-01-01T02:00:00Z,2027-03-11T02:00:00Z,1,9:00 pm ET,,,,False
0022600949,2027-03-10,9:30 pm ET,MIN,ATL,Target Center,Minneapolis,MN,2027-03-10,1900-01-01T21:30:00Z,2027-03-10T21:30:00Z,2027-03-10T05:00:00Z,1900-01-01T02:30:00Z,2027-03-11T02:30:00Z,1,9:30 pm ET,,,,False
0022600950,2027-03-10,10:00 pm ET,POR,DEN,Moda Center,Portland,OR,2027-03-10,1900-01-01T22:00:00Z,2027-03-10T22:00:00Z,2027-03-10T05:00:00Z,1900-01-01T03:00:00Z,2027-03-11T03:00:00Z,1,10:00 pm ET,,,,False
0022600951,2027-03-10,10:00 pm ET,SAC,GSW,Golden 1 Center,Sacramento,CA,2027-03-10,1900-01-01T22:00:00Z,2027-03-10T22:00:00Z,2027-03-10T05:00:00Z,1900-01-01T03:00:00Z,2027-03-11T03:00:00Z,1,10:00 pm ET,,,,False
0022600952,2027-03-10,10:30 pm ET,LAC,NYK,Intuit Dome,Inglewood,CA,2027-03-10,1900-01-01T22:30:00Z,2027-03-10T22:30:00Z,2027-03-10T05:00:00Z,1900-01-01T03:30:00Z,2027-03-11T03:30:00Z,1,10:30 pm ET,,,,False
0022600953,2027-03-11,7:00 pm ET,CHA,IND,Spectrum Center,Charlotte,NC,2027-03-11,1900-01-01T19:00:00Z,2027-03-11T19:00:00Z,2027-03-11T05:00:00Z,1900-01-01T00:00:00Z,2027-03-12T00:00:00Z,1,7:00 pm ET,,,,False
0022600954,2027-03-11,7:00 pm ET,DET,MIL,Little Caesars Arena,Detroit,MI,2027-03-11,1900-01-01T19:00:00Z,2027-03-11T19:00:00Z,2027-03-11T05:00:00Z,1900-01-01T00:00:00Z,2027-03-12T00:00:00Z,1,7:00 pm ET,,,,False
0022600955,2027-03-11,7:30 pm ET,BOS,MEM,TD Garden,Boston,MA,2027-03-11,1900-01-01T19:30:00Z,2027-03-11T19:30:00Z,2027-03-11T05:00:00Z,1900-01-01T00:30:00Z,2027-03-12T00:30:00Z,1,7:30 pm ET,,,,False
0022600956,2027-03-11,7:30 pm ET,SAS,PHI,Frost Bank Center,San Antonio,TX,2027-03-11,1900-01-01T19:30:00Z,2027-03-11T19:30:00Z,2027-03-11T05:00:00Z,1900-01-01T00:30:00Z,2027-03-12T00:30:00Z,1,7:30 pm ET,,,,False
0022600957,2027-03-11,8:00 pm ET,ATL,BKN,State Farm Arena,Atlanta,GA,2027-03-11,1900-01-01T20:00:00Z,2027-03-11T20:00:00Z,2027-03-11T05:00:00Z,1900-01-01T01:00:00Z,2027-03-12T01:00:00Z,1,8:00 pm ET,,,,False
0022600958,2027-03-11,8:00 pm ET,CHI,PHX,United Center,Chicago,IL,2027-03-11,1900-01-01T20:00:00Z,2027-03-11T20:00:00Z,2027-03-11T05:00:00Z,1900-01-01T01:00:00Z,2027-03-12T01:00:00Z,1,8:00 pm ET,,,,False
0022600959,2027-03-11,8:00 pm ET,DAL,WAS,American Airlines Center,Dallas,TX,2027-03-11,1900-01-01T20:00:00Z,2027-03-11T20:00:00Z,2027-03-11T05:00:00Z,1900-01-01T01:00:00Z,2027-03-12T01:00:00Z,1,8:00 pm ET,,,,False
0022600960,2027-03-11,10:00 pm ET,LAL,NYK,Crypto.com Arena,Los Angeles,CA,2027-03-11,1900-01-01T22:00:00Z,2027-03-11T22:00:00Z,2027-03-11T05:00:00Z,1900-01-01T03:00:00Z,2027-03-12T03:00:00Z,1,10:00 pm ET,,,,False
0022600961,2027-03-11,10:30 pm ET,LAC,CLE,Intuit Dome,Inglewood,CA,2027-03-11,1900-01-01T22:30:00Z,2027-03-11T22:30:00Z,2027-03-11T05:00:00Z,1900-01-01T03:30:00Z,2027-03-12T03:30:00Z,1,10:30 pm ET,,,,False
0022600962,2027-03-12,7:30 pm ET,BOS,OKC,TD Garden,Boston,MA,2027-03-12,1900-01-01T19:30:00Z,2027-03-12T19:30:00Z,2027-03-12T05:00:00Z,1900-01-01T00:30:00Z,2027-03-13T00:30:00Z,1,7:30 pm ET,,,,False
0022600963,2027-03-12,8:00 pm ET,MIL,MIA,Fiserv Forum,Milwaukee,WI,2027-03-12,1900-01-01T20:00:00Z,2027-03-12T20:00:00Z,2027-03-12T05:00:00Z,1900-01-01T01:00:00Z,2027-03-13T01:00:00Z,1,8:00 pm ET,,,,False
0022600964,2027-03-12,8:00 pm ET,NOP,TOR,Smoothie King Center,New Orleans,LA,2027-03-12,1900-01-01T20:00:00Z,2027-03-12T20:00:00Z,2027-03-12T05:00:00Z,1900-01-01T01:00:00Z,2027-03-13T01:00:00Z,1,8:00 pm ET,,,,False
0022600965,2027-03-12,9:30 pm ET,UTA,SAC,Delta Center,Salt Lake City,UT,2027-03-12,1900-01-01T21:30:00Z,2027-03-12T21:30:00Z,2027-03-12T05:00:00Z,1900-01-01T02:30:00Z,2027-03-13T02:30:00Z,1,9:30 pm ET,,,,False
0022600966,2027-03-12,10:00 pm ET,DEN,GSW,Ball Arena,Denver,CO,2027-03-12,1900-01-01T22:00:00Z,2027-03-12T22:00:00Z,2027-03-12T05:00:00Z,1900-01-01T03:00:00Z,2027-03-13T03:00:00Z,1,10:00 pm ET,,,,False
0022600967,2027-03-12,10:00 pm ET,LAL,CLE,Crypto.com Arena,Los Angeles,CA,2027-03-12,1900-01-01T22:00:00Z,2027-03-12T22:00:00Z,2027-03-12T05:00:00Z,1900-01-01T03:00:00Z,2027-03-13T03:00:00Z,1,10:00 pm ET,,,,False
0022600968,2027-03-13,3:00 pm ET,ATL,ORL,State Farm Arena,Atlanta,GA,2027-03-13,1900-01-01T15:00:00Z,2027-03-13T15:00:00Z,2027-03-13T05:00:00Z,1900-01-01T20:00:00Z,2027-03-13T20:00:00Z,1,3:00 pm ET,,,,False
0022600969,2027-03-13,3:00 pm ET,DET,BKN,Little Caesars Arena,Detroit,MI,2027-03-13,1900-01-01T15:00:00Z,2027-03-13T15:00:00Z,2027-03-13T05:00:00Z,1900-01-01T20:00:00Z,2027-03-13T20:00:00Z,1,3:00 pm ET,,,,False
0022600970,2027-03-13,5:30 pm ET,HOU,IND,Toyota Center,Houston,TX,2027-03-13,1900-01-01T17:30:00Z,2027-03-13T17:30:00Z,2027-03-13T05:00:00Z,1900-01-01T22:30:00Z,2027-03-13T22:30:00Z,1,5:30 pm ET,,,,False
0022600971,2027-03-13,6:00 pm ET,CHA,PHX,Spectrum Center,Charlotte,NC,2027-03-13,1900-01-01T18:00:00Z,2027-03-13T18:00:00Z,2027-03-13T05:00:00Z,1900-01-01T23:00:00Z,2027-03-13T23:00:00Z,1,6:00 pm ET,,,,False
0022600972,2027-03-13,8:00 pm ET,CHI,MEM,United Center,Chicago,IL,2027-03-13,1900-01-01T20:00:00Z,2027-03-13T20:00:00Z,2027-03-13T05:00:00Z,1900-01-01T01:00:00Z,2027-03-14T01:00:00Z,1,8:00 pm ET,,,,False
0022600973,2027-03-13,8:00 pm ET,DAL,NOP,American Airlines Center,Dallas,TX,2027-03-13,1900-01-01T20:00:00Z,2027-03-13T20:00:00Z,2027-03-13T05:00:00Z,1900-01-01T01:00:00Z,2027-03-14T01:00:00Z,1,8:00 pm ET,,,,False
0022600974,2027-03-13,8:30 pm ET,MIN,PHI,Target Center,Minneapolis,MN,2027-03-13,1900-01-01T20:30:00Z,2027-03-13T20:30:00Z,2027-03-13T05:00:00Z,1900-01-01T01:30:00Z,2027-03-14T01:30:00Z,1,8:30 pm ET,,,,False
0022600975,2027-03-13,10:30 pm ET,POR,LAC,Moda Center,Portland,OR,2027-03-13,1900-01-01T22:30:00Z,2027-03-13T22:30:00Z,2027-03-13T05:00:00Z,1900-01-01T03:30:00Z,2027-03-14T03:30:00Z,1,10:30 pm ET,,,,False
0022600976,2027-03-14,12:00 pm ET,NYK,BOS,Madison Square Garden,New York,NY,2027-03-14,1900-01-01T12:00:00Z,2027-03-14T12:00:00Z,2027-03-14T05:00:00Z,1900-01-01T16:00:00Z,2027-03-14T16:00:00Z,1,12:00 pm ET,,,,False
0022600977,2027-03-14,2:30 pm ET,OKC,SAS,Paycom Center,Oklahoma City,OK,2027-03-14,1900-01-01T14:30:00Z,2027-03-14T14:30:00Z,2027-03-14T05:00:00Z,1900-01-01T18:30:00Z,2027-03-14T18:30:00Z,1,2:30 pm ET,,,,False
0022600978,2027-03-14,5:00 pm ET,TOR,DET,Scotiabank Arena,Toronto,ON,2027-03-14,1900-01-01T17:00:00Z,2027-03-14T17:00:00Z,2027-03-14T05:00:00Z,1900-01-01T21:00:00Z,2027-03-14T21:00:00Z,1,5:00 pm ET,,,,False
0022600979,2027-03-14,6:00 pm ET,SAC,CLE,Golden 1 Center,Sacramento,CA,2027-03-14,1900-01-01T18:00:00Z,2027-03-14T18:00:00Z,2027-03-14T05:00:00Z,1900-01-01T22:00:00Z,2027-03-14T22:00:00Z,1,6:00 pm ET,,,,False
0022600980,2027-03-14,7:30 pm ET,DEN,MIA,Ball Arena,Denver,CO,2027-03-14,1900-01-01T19:30:00Z,2027-03-14T19:30:00Z,2027-03-14T05:00:00Z,1900-01-01T23:30:00Z,2027-03-14T23:30:00Z,1,7:30 pm ET,,,,False
0022600981,2027-03-14,8:00 pm ET,MIN,WAS,Target Center,Minneapolis,MN,2027-03-14,1900-01-01T20:00:00Z,2027-03-14T20:00:00Z,2027-03-14T05:00:00Z,1900-01-01T00:00:00Z,2027-03-15T00:00:00Z,1,8:00 pm ET,,,,False
0022600982,2027-03-14,10:00 pm ET,LAL,GSW,Crypto.com Arena,Los Angeles,CA,2027-03-14,1900-01-01T22:00:00Z,2027-03-14T22:00:00Z,2027-03-14T05:00:00Z,1900-01-01T02:00:00Z,2027-03-15T02:00:00Z,1,10:00 pm ET,,,,False
0022600983,2027-03-15,7:00 pm ET,PHI,TOR,Xfinity Mobile Arena,Philadelphia,PA,2027-03-15,1900-01-01T19:00:00Z,2027-03-15T19:00:00Z,2027-03-15T04:00:00Z,1900-01-01T23:00:00Z,2027-03-15T23:00:00Z,1,7:00 pm ET,,,,False
0022600984,2027-03-15,7:30 pm ET,BKN,IND,Barclays Center,Brooklyn,NY,2027-03-15,1900-01-01T19:30:00Z,2027-03-15T19:30:00Z,2027-03-15T04:00:00Z,1900-01-01T23:30:00Z,2027-03-15T23:30:00Z,1,7:30 pm ET,,,,False
0022600985,2027-03-15,8:00 pm ET,CHI,ORL,United Center,Chicago,IL,2027-03-15,1900-01-01T20:00:00Z,2027-03-15T20:00:00Z,2027-03-15T04:00:00Z,1900-01-01T00:00:00Z,2027-03-16T00:00:00Z,1,8:00 pm ET,,,,False
0022600986,2027-03-15,8:00 pm ET,MEM,PHX,FedExForum,Memphis,TN,2027-03-15,1900-01-01T20:00:00Z,2027-03-15T20:00:00Z,2027-03-15T04:00:00Z,1900-01-01T00:00:00Z,2027-03-16T00:00:00Z,1,8:00 pm ET,,,,False
0022600987,2027-03-15,9:30 pm ET,DAL,ATL,American Airlines Center,Dallas,TX,2027-03-15,1900-01-01T21:30:00Z,2027-03-15T21:30:00Z,2027-03-15T04:00:00Z,1900-01-01T01:30:00Z,2027-03-16T01:30:00Z,1,9:30 pm ET,,,,False
0022600988,2027-03-16,7:00 pm ET,WAS,NYK,Capital One Arena,Washington,DC,2027-03-16,1900-01-01T19:00:00Z,2027-03-16T19:00:00Z,2027-03-16T04:00:00Z,1900-01-01T23:00:00Z,2027-03-16T23:00:00Z,1,7:00 pm ET,,,,False
0022600989,2027-03-16,7:30 pm ET,BOS,SAC,TD Garden,Boston,MA,2027-03-16,1900-01-01T19:30:00Z,2027-03-16T19:30:00Z,2027-03-16T04:00:00Z,1900-01-01T23:30:00Z,2027-03-16T23:30:00Z,1,7:30 pm ET,,,,False
0022600990,2027-03-16,8:00 pm ET,IND,DET,Gainbridge Fieldhouse,Indianapolis,IN,2027-03-16,1900-01-01T20:00:00Z,2027-03-16T20:00:00Z,2027-03-16T04:00:00Z,1900-01-01T00:00:00Z,2027-03-17T00:00:00Z,1,8:00 pm ET,,,,False
0022600991,2027-03-16,8:00 pm ET,MIL,ORL,Fiserv Forum,Milwaukee,WI,2027-03-16,1900-01-01T20:00:00Z,2027-03-16T20:00:00Z,2027-03-16T04:00:00Z,1900-01-01T00:00:00Z,2027-03-17T00:00:00Z,1,8:00 pm ET,,,,False
0022600992,2027-03-16,8:00 pm ET,NOP,MIN,Smoothie King Center,New Orleans,LA,2027-03-16,1900-01-01T20:00:00Z,2027-03-16T20:00:00Z,2027-03-16T04:00:00Z,1900-01-01T00:00:00Z,2027-03-17T00:00:00Z,1,8:00 pm ET,,,,False
0022600993,2027-03-16,8:00 pm ET,OKC,CHA,Paycom Center,Oklahoma City,OK,2027-03-16,1900-01-01T20:00:00Z,2027-03-16T20:00:00Z,2027-03-16T04:00:00Z,1900-01-01T00:00:00Z,2027-03-17T00:00:00Z,1,8:00 pm ET,,,,False
0022600994,2027-03-16,8:30 pm ET,HOU,SAS,Toyota Center,Houston,TX,2027-03-16,1900-01-01T20:30:00Z,2027-03-16T20:30:00Z,2027-03-16T04:00:00Z,1900-01-01T00:30:00Z,2027-03-17T00:30:00Z,1,8:30 pm ET,,,,False
0022600995,2027-03-16,10:00 pm ET,GSW,CLE,Chase Center,San Francisco,CA,2027-03-16,1900-01-01T22:00:00Z,2027-03-16T22:00:00Z,2027-03-16T04:00:00Z,1900-01-01T02:00:00Z,2027-03-17T02:00:00Z,1,10:00 pm ET,,,,False
0022600996,2027-03-16,10:00 pm ET,POR,LAL,Moda Center,Portland,OR,2027-03-16,1900-01-01T22:00:00Z,2027-03-16T22:00:00Z,2027-03-16T04:00:00Z,1900-01-01T02:00:00Z,2027-03-17T02:00:00Z,1,10:00 pm ET,,,,False
0022600997,2027-03-16,11:00 pm ET,LAC,DEN,Intuit Dome,Inglewood,CA,2027-03-16,1900-01-01T23:00:00Z,2027-03-16T23:00:00Z,2027-03-16T04:00:00Z,1900-01-01T03:00:00Z,2027-03-17T03:00:00Z,1,11:00 pm ET,,,,False
0022600998,2027-03-17,7:00 pm ET,PHI,CHI,Xfinity Mobile Arena,Philadelphia,PA,2027-03-17,1900-01-01T19:00:00Z,2027-03-17T19:00:00Z,2027-03-17T04:00:00Z,1900-01-01T23:00:00Z,2027-03-17T23:00:00Z,1,7:00 pm ET,,,,False
0022600999,2027-03-17,7:30 pm ET,NYK,SAC,Madison Square Garden,New York,NY,2027-03-17,1900-01-01T19:30:00Z,2027-03-17T19:30:00Z,2027-03-17T04:00:00Z,1900-01-01T23:30:00Z,2027-03-17T23:30:00Z,1,7:30 pm ET,,,,False
0022601000,2027-03-17,7:30 pm ET,OKC,DAL,Paycom Center,Oklahoma City,OK,2027-03-17,1900-01-01T19:30:00Z,2027-03-17T19:30:00Z,2027-03-17T04:00:00Z,1900-01-01T23:30:00Z,2027-03-17T23:30:00Z,1,7:30 pm ET,,,,False
0022601001,2027-03-17,8:30 pm ET,HOU,BKN,Toyota Center,Houston,TX,2027-03-17,1900-01-01T20:30:00Z,2027-03-17T20:30:00Z,2027-03-17T04:00:00Z,1900-01-01T00:30:00Z,2027-03-18T00:30:00Z,1,8:30 pm ET,,,,False
0022601002,2027-03-17,9:00 pm ET,UTA,ATL,Delta Center,Salt Lake City,UT,2027-03-17,1900-01-01T21:00:00Z,2027-03-17T21:00:00Z,2027-03-17T04:00:00Z,1900-01-01T01:00:00Z,2027-03-18T01:00:00Z,1,9:00 pm ET,,,,False
0022601003,2027-03-17,10:00 pm ET,GSW,MEM,Chase Center,San Francisco,CA,2027-03-17,1900-01-01T22:00:00Z,2027-03-17T22:00:00Z,2027-03-17T04:00:00Z,1900-01-01T02:00:00Z,2027-03-18T02:00:00Z,1,10:00 pm ET,,,,False
0022601004,2027-03-17,10:00 pm ET,LAL,PHX,Crypto.com Arena,Los Angeles,CA,2027-03-17,1900-01-01T22:00:00Z,2027-03-17T22:00:00Z,2027-03-17T04:00:00Z,1900-01-01T02:00:00Z,2027-03-18T02:00:00Z,1,10:00 pm ET,,,,False
0022601005,2027-03-17,10:00 pm ET,POR,MIA,Moda Center,Portland,OR,2027-03-17,1900-01-01T22:00:00Z,2027-03-17T22:00:00Z,2027-03-17T04:00:00Z,1900-01-01T02:00:00Z,2027-03-18T02:00:00Z,1,10:00 pm ET,,,,False
0022601006,2027-03-18,7:00 pm ET,IND,TOR,Gainbridge Fieldhouse,Indianapolis,IN,2027-03-18,1900-01-01T19:00:00Z,2027-03-18T19:00:00Z,2027-03-18T04:00:00Z,1900-01-01T23:00:00Z,2027-03-18T23:00:00Z,1,7:00 pm ET,,,,False
0022601007,2027-03-18,7:00 pm ET,WAS,PHI,Capital One Arena,Washington,DC,2027-03-18,1900-01-01T19:00:00Z,2027-03-18T19:00:00Z,2027-03-18T04:00:00Z,1900-01-01T23:00:00Z,2027-03-18T23:00:00Z,1,7:00 pm ET,,,,False
0022601008,2027-03-18,7:30 pm ET,BOS,ORL,TD Garden,Boston,MA,2027-03-18,1900-01-01T19:30:00Z,2027-03-18T19:30:00Z,2027-03-18T04:00:00Z,1900-01-01T23:30:00Z,2027-03-18T23:30:00Z,1,7:30 pm ET,,,,False
0022601009,2027-03-18,8:00 pm ET,MIL,DET,Fiserv Forum,Milwaukee,WI,2027-03-18,1900-01-01T20:00:00Z,2027-03-18T20:00:00Z,2027-03-18T04:00:00Z,1900-01-01T00:00:00Z,2027-03-19T00:00:00Z,1,8:00 pm ET,,,,False
0022601010,2027-03-18,8:00 pm ET,NOP,CHA,Smoothie King Center,New Orleans,LA,2027-03-18,1900-01-01T20:00:00Z,2027-03-18T20:00:00Z,2027-03-18T04:00:00Z,1900-01-01T00:00:00Z,2027-03-19T00:00:00Z,1,8:00 pm ET,,,,False
0022601011,2027-03-18,8:00 pm ET,SAS,BKN,Frost Bank Center,San Antonio,TX,2027-03-18,1900-01-01T20:00:00Z,2027-03-18T20:00:00Z,2027-03-18T04:00:00Z,1900-01-01T00:00:00Z,2027-03-19T00:00:00Z,1,8:00 pm ET,,,,False
0022601012,2027-03-18,9:00 pm ET,DEN,CLE,Ball Arena,Denver,CO,2027-03-18,1900-01-01T21:00:00Z,2027-03-18T21:00:00Z,2027-03-18T04:00:00Z,1900-01-01T01:00:00Z,2027-03-19T01:00:00Z,1,9:00 pm ET,,,,False
0022601013,2027-03-18,9:00 pm ET,UTA,MIN,Delta Center,Salt Lake City,UT,2027-03-18,1900-01-01T21:00:00Z,2027-03-18T21:00:00Z,2027-03-18T04:00:00Z,1900-01-01T01:00:00Z,2027-03-19T01:00:00Z,1,9:00 pm ET,,,,False
0022601014,2027-03-18,10:30 pm ET,LAC,MEM,Intuit Dome,Inglewood,CA,2027-03-18,1900-01-01T22:30:00Z,2027-03-18T22:30:00Z,2027-03-18T04:00:00Z,1900-01-01T02:30:00Z,2027-03-19T02:30:00Z,1,10:30 pm ET,,,,False
0022601015,2027-03-19,7:30 pm ET,TOR,SAC,Scotiabank Arena,Toronto,ON,2027-03-19,1900-01-01T19:30:00Z,2027-03-19T19:30:00Z,2027-03-19T04:00:00Z,1900-01-01T23:30:00Z,2027-03-19T23:30:00Z,1,7:30 pm ET,,,,False
0022601016,2027-03-19,8:00 pm ET,NOP,HOU,Smoothie King Center,New Orleans,LA,2027-03-19,1900-01-01T20:00:00Z,2027-03-19T20:00:00Z,2027-03-19T04:00:00Z,1900-01-01T00:00:00Z,2027-03-20T00:00:00Z,1,8:00 pm ET,,,,False
0022601017,2027-03-19,8:00 pm ET,SAS,DAL,Frost Bank Center,San Antonio,TX,2027-03-19,1900-01-01T20:00:00Z,2027-03-19T20:00:00Z,2027-03-19T04:00:00Z,1900-01-01T00:00:00Z,2027-03-20T00:00:00Z,1,8:00 pm ET,,,,False
0022601018,2027-03-19,10:00 pm ET,GSW,POR,Chase Center,San Francisco,CA,2027-03-19,1900-01-01T22:00:00Z,2027-03-19T22:00:00Z,2027-03-19T04:00:00Z,1900-01-01T02:00:00Z,2027-03-20T02:00:00Z,1,10:00 pm ET,,,,False
0022601019,2027-03-19,10:00 pm ET,LAL,ATL,Crypto.com Arena,Los Angeles,CA,2027-03-19,1900-01-01T22:00:00Z,2027-03-19T22:00:00Z,2027-03-19T04:00:00Z,1900-01-01T02:00:00Z,2027-03-20T02:00:00Z,1,10:00 pm ET,,,,False
0022601020,2027-03-19,10:30 pm ET,PHX,MIA,Mortgage Matchup Center,Phoenix,AZ,2027-03-19,1900-01-01T22:30:00Z,2027-03-19T22:30:00Z,2027-03-19T04:00:00Z,1900-01-01T02:30:00Z,2027-03-20T02:30:00Z,1,10:30 pm ET,,,,False
0022601021,2027-03-20,1:00 pm ET,NYK,WAS,Madison Square Garden,New York,NY,2027-03-20,1900-01-01T13:00:00Z,2027-03-20T13:00:00Z,2027-03-20T04:00:00Z,1900-01-01T17:00:00Z,2027-03-20T17:00:00Z,1,1:00 pm ET,,,,False
0022601022,2027-03-20,7:00 pm ET,ORL,DEN,Kia Center,Orlando,FL,2027-03-20,1900-01-01T19:00:00Z,2027-03-20T19:00:00Z,2027-03-20T04:00:00Z,1900-01-01T23:00:00Z,2027-03-20T23:00:00Z,1,7:00 pm ET,,,,False
0022601023,2027-03-20,7:30 pm ET,CLE,CHI,Rocket Arena,Cleveland,OH,2027-03-20,1900-01-01T19:30:00Z,2027-03-20T19:30:00Z,2027-03-20T04:00:00Z,1900-01-01T23:30:00Z,2027-03-20T23:30:00Z,1,7:30 pm ET,,,,False
0022601024,2027-03-20,8:00 pm ET,DET,CHA,Little Caesars Arena,Detroit,MI,2027-03-20,1900-01-01T20:00:00Z,2027-03-20T20:00:00Z,2027-03-20T04:00:00Z,1900-01-01T00:00:00Z,2027-03-21T00:00:00Z,1,8:00 pm ET,,,,False
0022601025,2027-03-20,8:00 pm ET,MEM,OKC,FedExForum,Memphis,TN,2027-03-20,1900-01-01T20:00:00Z,2027-03-20T20:00:00Z,2027-03-20T04:00:00Z,1900-01-01T00:00:00Z,2027-03-21T00:00:00Z,1,8:00 pm ET,,,,False
0022601026,2027-03-20,8:00 pm ET,MIL,IND,Fiserv Forum,Milwaukee,WI,2027-03-20,1900-01-01T20:00:00Z,2027-03-20T20:00:00Z,2027-03-20T04:00:00Z,1900-01-01T00:00:00Z,2027-03-21T00:00:00Z,1,8:00 pm ET,,,,False
0022601027,2027-03-20,10:30 pm ET,LAC,ATL,Intuit Dome,Inglewood,CA,2027-03-20,1900-01-01T22:30:00Z,2027-03-20T22:30:00Z,2027-03-20T04:00:00Z,1900-01-01T02:30:00Z,2027-03-21T02:30:00Z,1,10:30 pm ET,,,,False
0022601028,2027-03-21,3:00 pm ET,BOS,NOP,TD Garden,Boston,MA,2027-03-21,1900-01-01T15:00:00Z,2027-03-21T15:00:00Z,2027-03-21T04:00:00Z,1900-01-01T19:00:00Z,2027-03-21T19:00:00Z,1,3:00 pm ET,,,,False
0022601029,2027-03-21,3:00 pm ET,BKN,SAC,Barclays Center,Brooklyn,NY,2027-03-21,1900-01-01T15:00:00Z,2027-03-21T15:00:00Z,2027-03-21T04:00:00Z,1900-01-01T19:00:00Z,2027-03-21T19:00:00Z,1,3:00 pm ET,,,,False
0022601030,2027-03-21,5:00 pm ET,UTA,TOR,Delta Center,Salt Lake City,UT,2027-03-21,1900-01-01T17:00:00Z,2027-03-21T17:00:00Z,2027-03-21T04:00:00Z,1900-01-01T21:00:00Z,2027-03-21T21:00:00Z,1,5:00 pm ET,,,,False
0022601031,2027-03-21,5:00 pm ET,PHX,POR,Mortgage Matchup Center,Phoenix,AZ,2027-03-21,1900-01-01T17:00:00Z,2027-03-21T17:00:00Z,2027-03-21T04:00:00Z,1900-01-01T21:00:00Z,2027-03-21T21:00:00Z,1,5:00 pm ET,,,,False
0022601032,2027-03-21,6:00 pm ET,MIA,DEN,Kaseya Center,Miami,FL,2027-03-21,1900-01-01T18:00:00Z,2027-03-21T18:00:00Z,2027-03-21T04:00:00Z,1900-01-01T22:00:00Z,2027-03-21T22:00:00Z,1,6:00 pm ET,,,,False
0022601033,2027-03-21,7:30 pm ET,PHI,SAS,Xfinity Mobile Arena,Philadelphia,PA,2027-03-21,1900-01-01T19:30:00Z,2027-03-21T19:30:00Z,2027-03-21T04:00:00Z,1900-01-01T23:30:00Z,2027-03-21T23:30:00Z,1,7:30 pm ET,,,,False
0022601034,2027-03-21,10:00 pm ET,LAL,DAL,Crypto.com Arena,Los Angeles,CA,2027-03-21,1900-01-01T22:00:00Z,2027-03-21T22:00:00Z,2027-03-21T04:00:00Z,1900-01-01T02:00:00Z,2027-03-22T02:00:00Z,1,10:00 pm ET,,,,False
0022601035,2027-03-22,7:00 pm ET,CLE,HOU,Rocket Arena,Cleveland,OH,2027-03-22,1900-01-01T19:00:00Z,2027-03-22T19:00:00Z,2027-03-22T04:00:00Z,1900-01-01T23:00:00Z,2027-03-22T23:00:00Z,1,7:00 pm ET,,,,False
0022601036,2027-03-22,7:00 pm ET,ORL,IND,Kia Center,Orlando,FL,2027-03-22,1900-01-01T19:00:00Z,2027-03-22T19:00:00Z,2027-03-22T04:00:00Z,1900-01-01T23:00:00Z,2027-03-22T23:00:00Z,1,7:00 pm ET,,,,False
0022601037,2027-03-22,8:00 pm ET,CHI,SAC,United Center,Chicago,IL,2027-03-22,1900-01-01T20:00:00Z,2027-03-22T20:00:00Z,2027-03-22T04:00:00Z,1900-01-01T00:00:00Z,2027-03-23T00:00:00Z,1,8:00 pm ET,,,,False
0022601038,2027-03-22,8:00 pm ET,MEM,CHA,FedExForum,Memphis,TN,2027-03-22,1900-01-01T20:00:00Z,2027-03-22T20:00:00Z,2027-03-22T04:00:00Z,1900-01-01T00:00:00Z,2027-03-23T00:00:00Z,1,8:00 pm ET,,,,False
0022601039,2027-03-22,8:00 pm ET,MIL,WAS,Fiserv Forum,Milwaukee,WI,2027-03-22,1900-01-01T20:00:00Z,2027-03-22T20:00:00Z,2027-03-22T04:00:00Z,1900-01-01T00:00:00Z,2027-03-23T00:00:00Z,1,8:00 pm ET,,,,False
0022601040,2027-03-22,9:30 pm ET,MIN,DET,Target Center,Minneapolis,MN,2027-03-22,1900-01-01T21:30:00Z,2027-03-22T21:30:00Z,2027-03-22T04:00:00Z,1900-01-01T01:30:00Z,2027-03-23T01:30:00Z,1,9:30 pm ET,,,,False
0022601041,2027-03-22,10:00 pm ET,GSW,ATL,Chase Center,San Francisco,CA,2027-03-22,1900-01-01T22:00:00Z,2027-03-22T22:00:00Z,2027-03-22T04:00:00Z,1900-01-01T02:00:00Z,2027-03-23T02:00:00Z,1,10:00 pm ET,,,,False
0022601042,2027-03-22,10:30 pm ET,LAC,DAL,Intuit Dome,Inglewood,CA,2027-03-22,1900-01-01T22:30:00Z,2027-03-22T22:30:00Z,2027-03-22T04:00:00Z,1900-01-01T02:30:00Z,2027-03-23T02:30:00Z,1,10:30 pm ET,,,,False
0022601043,2027-03-23,7:30 pm ET,BKN,BOS,Barclays Center,Brooklyn,NY,2027-03-23,1900-01-01T19:30:00Z,2027-03-23T19:30:00Z,2027-03-23T04:00:00Z,1900-01-01T23:30:00Z,2027-03-23T23:30:00Z,1,7:30 pm ET,,,,False
0022601044,2027-03-23,7:30 pm ET,NYK,NOP,Madison Square Garden,New York,NY,2027-03-23,1900-01-01T19:30:00Z,2027-03-23T19:30:00Z,2027-03-23T04:00:00Z,1900-01-01T23:30:00Z,2027-03-23T23:30:00Z,1,7:30 pm ET,,,,False
0022601045,2027-03-23,8:00 pm ET,MIA,LAL,Kaseya Center,Miami,FL,2027-03-23,1900-01-01T20:00:00Z,2027-03-23T20:00:00Z,2027-03-23T04:00:00Z,1900-01-01T00:00:00Z,2027-03-24T00:00:00Z,1,8:00 pm ET,,,,False
0022601046,2027-03-23,9:00 pm ET,UTA,PHI,Delta Center,Salt Lake City,UT,2027-03-23,1900-01-01T21:00:00Z,2027-03-23T21:00:00Z,2027-03-23T04:00:00Z,1900-01-01T01:00:00Z,2027-03-24T01:00:00Z,1,9:00 pm ET,,,,False
0022601047,2027-03-23,10:00 pm ET,POR,TOR,Moda Center,Portland,OR,2027-03-23,1900-01-01T22:00:00Z,2027-03-23T22:00:00Z,2027-03-23T04:00:00Z,1900-01-01T02:00:00Z,2027-03-24T02:00:00Z,1,10:00 pm ET,,,,False
0022601048,2027-03-23,11:00 pm ET,PHX,OKC,Mortgage Matchup Center,Phoenix,AZ,2027-03-23,1900-01-01T23:00:00Z,2027-03-23T23:00:00Z,2027-03-23T04:00:00Z,1900-01-01T03:00:00Z,2027-03-24T03:00:00Z,1,11:00 pm ET,,,,False
0022601049,2027-03-24,7:00 pm ET,CHA,DET,Spectrum Center,Charlotte,NC,2027-03-24,1900-01-01T19:00:00Z,2027-03-24T19:00:00Z,2027-03-24T04:00:00Z,1900-01-01T23:00:00Z,2027-03-24T23:00:00Z,1,7:00 pm ET,,,,False
0022601050,2027-03-24,7:00 pm ET,IND,MEM,Gainbridge Fieldhouse,Indianapolis,IN,2027-03-24,1900-01-01T19:00:00Z,2027-03-24T19:00:00Z,2027-03-24T04:00:00Z,1900-01-01T23:00:00Z,2027-03-24T23:00:00Z,1,7:00 pm ET,,,,False
0022601051,2027-03-24,7:00 pm ET,WAS,DEN,Capital One Arena,Washington,DC,2027-03-24,1900-01-01T19:00:00Z,2027-03-24T19:00:00Z,2027-03-24T04:00:00Z,1900-01-01T23:00:00Z,2027-03-24T23:00:00Z,1,7:00 pm ET,,,,False
0022601052,2027-03-24,7:30 pm ET,BOS,SAS,TD Garden,Boston,MA,2027-03-24,1900-01-01T19:30:00Z,2027-03-24T19:30:00Z,2027-03-24T04:00:00Z,1900-01-01T23:30:00Z,2027-03-24T23:30:00Z,1,7:30 pm ET,,,,False
0022601053,2027-03-24,7:30 pm ET,NYK,HOU,Madison Square Garden,New York,NY,2027-03-24,1900-01-01T19:30:00Z,2027-03-24T19:30:00Z,2027-03-24T04:00:00Z,1900-01-01T23:30:00Z,2027-03-24T23:30:00Z,1,7:30 pm ET,,,,False
0022601054,2027-03-24,8:00 pm ET,CHI,ORL,United Center,Chicago,IL,2027-03-24,1900-01-01T20:00:00Z,2027-03-24T20:00:00Z,2027-03-24T04:00:00Z,1900-01-01T00:00:00Z,2027-03-25T00:00:00Z,1,8:00 pm ET,,,,False
0022601055,2027-03-24,8:00 pm ET,MIN,DAL,Target Center,Minneapolis,MN,2027-03-24,1900-01-01T20:00:00Z,2027-03-24T20:00:00Z,2027-03-24T04:00:00Z,1900-01-01T00:00:00Z,2027-03-25T00:00:00Z,1,8:00 pm ET,,,,False
0022601056,2027-03-24,10:00 pm ET,GSW,PHI,Chase Center,San Francisco,CA,2027-03-24,1900-01-01T22:00:00Z,2027-03-24T22:00:00Z,2027-03-24T04:00:00Z,1900-01-01T02:00:00Z,2027-03-25T02:00:00Z,1,10:00 pm ET,,,,False
0022601057,2027-03-24,10:00 pm ET,PHX,OKC,Mortgage Matchup Center,Phoenix,AZ,2027-03-24,1900-01-01T22:00:00Z,2027-03-24T22:00:00Z,2027-03-24T04:00:00Z,1900-01-01T02:00:00Z,2027-03-25T02:00:00Z,1,10:00 pm ET,,,,False
0022601058,2027-03-24,10:00 pm ET,SAC,ATL,Golden 1 Center,Sacramento,CA,2027-03-24,1900-01-01T22:00:00Z,2027-03-24T22:00:00Z,2027-03-24T04:00:00Z,1900-01-01T02:00:00Z,2027-03-25T02:00:00Z,1,10:00 pm ET,,,,False
0022601059,2027-03-24,10:30 pm ET,LAC,MIL,Intuit Dome,Inglewood,CA,2027-03-24,1900-01-01T22:30:00Z,2027-03-24T22:30:00Z,2027-03-24T04:00:00Z,1900-01-01T02:30:00Z,2027-03-25T02:30:00Z,1,10:30 pm ET,,,,False
0022601060,2027-03-25,7:00 pm ET,CLE,LAL,Rocket Arena,Cleveland,OH,2027-03-25,1900-01-01T19:00:00Z,2027-03-25T19:00:00Z,2027-03-25T04:00:00Z,1900-01-01T23:00:00Z,2027-03-25T23:00:00Z,1,7:00 pm ET,,,,False
0022601061,2027-03-25,7:00 pm ET,DET,HOU,Little Caesars Arena,Detroit,MI,2027-03-25,1900-01-01T19:00:00Z,2027-03-25T19:00:00Z,2027-03-25T04:00:00Z,1900-01-01T23:00:00Z,2027-03-25T23:00:00Z,1,7:00 pm ET,,,,False
0022601062,2027-03-25,7:00 pm ET,IND,SAS,Gainbridge Fieldhouse,Indianapolis,IN,2027-03-25,1900-01-01T19:00:00Z,2027-03-25T19:00:00Z,2027-03-25T04:00:00Z,1900-01-01T23:00:00Z,2027-03-25T23:00:00Z,1,7:00 pm ET,,,,False
0022601063,2027-03-25,7:30 pm ET,BKN,DEN,Barclays Center,Brooklyn,NY,2027-03-25,1900-01-01T19:30:00Z,2027-03-25T19:30:00Z,2027-03-25T04:00:00Z,1900-01-01T23:30:00Z,2027-03-25T23:30:00Z,1,7:30 pm ET,,,,False
0022601064,2027-03-25,7:30 pm ET,MIA,UTA,Kaseya Center,Miami,FL,2027-03-25,1900-01-01T19:30:00Z,2027-03-25T19:30:00Z,2027-03-25T04:00:00Z,1900-01-01T23:30:00Z,2027-03-25T23:30:00Z,1,7:30 pm ET,,,,False
0022601065,2027-03-25,8:00 pm ET,MEM,CHI,FedExForum,Memphis,TN,2027-03-25,1900-01-01T20:00:00Z,2027-03-25T20:00:00Z,2027-03-25T04:00:00Z,1900-01-01T00:00:00Z,2027-03-26T00:00:00Z,1,8:00 pm ET,,,,False
0022601066,2027-03-25,10:00 pm ET,GSW,TOR,Chase Center,San Francisco,CA,2027-03-25,1900-01-01T22:00:00Z,2027-03-25T22:00:00Z,2027-03-25T04:00:00Z,1900-01-01T02:00:00Z,2027-03-26T02:00:00Z,1,10:00 pm ET,,,,False
0022601067,2027-03-26,7:00 pm ET,CHA,NYK,Spectrum Center,Charlotte,NC,2027-03-26,1900-01-01T19:00:00Z,2027-03-26T19:00:00Z,2027-03-26T04:00:00Z,1900-01-01T23:00:00Z,2027-03-26T23:00:00Z,1,7:00 pm ET,,,,False
0022601068,2027-03-26,8:00 pm ET,DAL,NOP,American Airlines Center,Dallas,TX,2027-03-26,1900-01-01T20:00:00Z,2027-03-26T20:00:00Z,2027-03-26T04:00:00Z,1900-01-01T00:00:00Z,2027-03-27T00:00:00Z,1,8:00 pm ET,,,,False
0022601069,2027-03-26,8:00 pm ET,MIN,ORL,Target Center,Minneapolis,MN,2027-03-26,1900-01-01T20:00:00Z,2027-03-26T20:00:00Z,2027-03-26T04:00:00Z,1900-01-01T00:00:00Z,2027-03-27T00:00:00Z,1,8:00 pm ET,,,,False
0022601070,2027-03-26,8:00 pm ET,OKC,LAC,Paycom Center,Oklahoma City,OK,2027-03-26,1900-01-01T20:00:00Z,2027-03-26T20:00:00Z,2027-03-26T04:00:00Z,1900-01-01T00:00:00Z,2027-03-27T00:00:00Z,1,8:00 pm ET,,,,False
0022601071,2027-03-26,10:00 pm ET,PHX,MIL,Mortgage Matchup Center,Phoenix,AZ,2027-03-26,1900-01-01T22:00:00Z,2027-03-26T22:00:00Z,2027-03-26T04:00:00Z,1900-01-01T02:00:00Z,2027-03-27T02:00:00Z,1,10:00 pm ET,,,,False
0022601072,2027-03-26,10:00 pm ET,POR,PHI,Moda Center,Portland,OR,2027-03-26,1900-01-01T22:00:00Z,2027-03-26T22:00:00Z,2027-03-26T04:00:00Z,1900-01-01T02:00:00Z,2027-03-27T02:00:00Z,1,10:00 pm ET,,,,False
0022601073,2027-03-27,3:00 pm ET,DET,SAS,Little Caesars Arena,Detroit,MI,2027-03-27,1900-01-01T15:00:00Z,2027-03-27T15:00:00Z,2027-03-27T04:00:00Z,1900-01-01T19:00:00Z,2027-03-27T19:00:00Z,1,3:00 pm ET,,,,False
0022601074,2027-03-27,7:00 pm ET,ATL,UTA,State Farm Arena,Atlanta,GA,2027-03-27,1900-01-01T19:00:00Z,2027-03-27T19:00:00Z,2027-03-27T04:00:00Z,1900-01-01T23:00:00Z,2027-03-27T23:00:00Z,1,7:00 pm ET,,,,False
0022601075,2027-03-27,7:00 pm ET,WAS,GSW,Capital One Arena,Washington,DC,2027-03-27,1900-01-01T19:00:00Z,2027-03-27T19:00:00Z,2027-03-27T04:00:00Z,1900-01-01T23:00:00Z,2027-03-27T23:00:00Z,1,7:00 pm ET,,,,False
0022601076,2027-03-27,8:00 pm ET,MIA,BOS,Kaseya Center,Miami,FL,2027-03-27,1900-01-01T20:00:00Z,2027-03-27T20:00:00Z,2027-03-27T04:00:00Z,1900-01-01T00:00:00Z,2027-03-28T00:00:00Z,1,8:00 pm ET,,,,False
0022601077,2027-03-27,8:00 pm ET,CHI,LAC,United Center,Chicago,IL,2027-03-27,1900-01-01T20:00:00Z,2027-03-27T20:00:00Z,2027-03-27T04:00:00Z,1900-01-01T00:00:00Z,2027-03-28T00:00:00Z,1,8:00 pm ET,,,,False
0022601078,2027-03-27,10:00 pm ET,POR,MIL,Moda Center,Portland,OR,2027-03-27,1900-01-01T22:00:00Z,2027-03-27T22:00:00Z,2027-03-27T04:00:00Z,1900-01-01T02:00:00Z,2027-03-28T02:00:00Z,1,10:00 pm ET,,,,False
0022601079,2027-03-27,10:00 pm ET,SAC,TOR,Golden 1 Center,Sacramento,CA,2027-03-27,1900-01-01T22:00:00Z,2027-03-27T22:00:00Z,2027-03-27T04:00:00Z,1900-01-01T02:00:00Z,2027-03-28T02:00:00Z,1,10:00 pm ET,,,,False
0022601080,2027-03-28,12:30 pm ET,ORL,NYK,Kia Center,Orlando,FL,2027-03-28,1900-01-01T12:30:00Z,2027-03-28T12:30:00Z,2027-03-28T04:00:00Z,1900-01-01T16:30:00Z,2027-03-28T16:30:00Z,1,12:30 pm ET,,,,False
0022601081,2027-03-28,3:00 pm ET,BKN,MEM,Barclays Center,Brooklyn,NY,2027-03-28,1900-01-01T15:00:00Z,2027-03-28T15:00:00Z,2027-03-28T04:00:00Z,1900-01-01T19:00:00Z,2027-03-28T19:00:00Z,1,3:00 pm ET,,,,False
0022601082,2027-03-28,3:00 pm ET,HOU,LAL,Toyota Center,Houston,TX,2027-03-28,1900-01-01T15:00:00Z,2027-03-28T15:00:00Z,2027-03-28T04:00:00Z,1900-01-01T19:00:00Z,2027-03-28T19:00:00Z,1,3:00 pm ET,,,,False
0022601083,2027-03-28,6:00 pm ET,CHA,UTA,Spectrum Center,Charlotte,NC,2027-03-28,1900-01-01T18:00:00Z,2027-03-28T18:00:00Z,2027-03-28T04:00:00Z,1900-01-01T22:00:00Z,2027-03-28T22:00:00Z,1,6:00 pm ET,,,,False
0022601084,2027-03-28,6:00 pm ET,WAS,DAL,Capital One Arena,Washington,DC,2027-03-28,1900-01-01T18:00:00Z,2027-03-28T18:00:00Z,2027-03-28T04:00:00Z,1900-01-01T22:00:00Z,2027-03-28T22:00:00Z,1,6:00 pm ET,,,,False
0022601085,2027-03-28,7:00 pm ET,NOP,BOS,Smoothie King Center,New Orleans,LA,2027-03-28,1900-01-01T19:00:00Z,2027-03-28T19:00:00Z,2027-03-28T04:00:00Z,1900-01-01T23:00:00Z,2027-03-28T23:00:00Z,1,7:00 pm ET,,,,False
0022601086,2027-03-28,7:30 pm ET,MIN,OKC,Target Center,Minneapolis,MN,2027-03-28,1900-01-01T19:30:00Z,2027-03-28T19:30:00Z,2027-03-28T04:00:00Z,1900-01-01T23:30:00Z,2027-03-28T23:30:00Z,1,7:30 pm ET,,,,False
0022601087,2027-03-28,9:00 pm ET,PHX,TOR,Mortgage Matchup Center,Phoenix,AZ,2027-03-28,1900-01-01T21:00:00Z,2027-03-28T21:00:00Z,2027-03-28T04:00:00Z,1900-01-01T01:00:00Z,2027-03-29T01:00:00Z,1,9:00 pm ET,,,,False
0022601088,2027-03-28,10:00 pm ET,DEN,PHI,Ball Arena,Denver,CO,2027-03-28,1900-01-01T22:00:00Z,2027-03-28T22:00:00Z,2027-03-28T04:00:00Z,1900-01-01T02:00:00Z,2027-03-29T02:00:00Z,1,10:00 pm ET,,,,False
0022601089,2027-03-29,7:00 pm ET,ATL,MIN,State Farm Arena,Atlanta,GA,2027-03-29,1900-01-01T19:00:00Z,2027-03-29T19:00:00Z,2027-03-29T04:00:00Z,1900-01-01T23:00:00Z,2027-03-29T23:00:00Z,1,7:00 pm ET,,,,False
0022601090,2027-03-29,7:00 pm ET,CLE,MIA,Rocket Arena,Cleveland,OH,2027-03-29,1900-01-01T19:00:00Z,2027-03-29T19:00:00Z,2027-03-29T04:00:00Z,1900-01-01T23:00:00Z,2027-03-29T23:00:00Z,1,7:00 pm ET,,,,False
0022601091,2027-03-29,7:00 pm ET,DET,LAC,Little Caesars Arena,Detroit,MI,2027-03-29,1900-01-01T19:00:00Z,2027-03-29T19:00:00Z,2027-03-29T04:00:00Z,1900-01-01T23:00:00Z,2027-03-29T23:00:00Z,1,7:00 pm ET,,,,False
0022601092,2027-03-29,7:30 pm ET,BKN,GSW,Barclays Center,Brooklyn,NY,2027-03-29,1900-01-01T19:30:00Z,2027-03-29T19:30:00Z,2027-03-29T04:00:00Z,1900-01-01T23:30:00Z,2027-03-29T23:30:00Z,1,7:30 pm ET,,,,False
0022601093,2027-03-29,8:00 pm ET,CHI,IND,United Center,Chicago,IL,2027-03-29,1900-01-01T20:00:00Z,2027-03-29T20:00:00Z,2027-03-29T04:00:00Z,1900-01-01T00:00:00Z,2027-03-30T00:00:00Z,1,8:00 pm ET,,,,False
0022601094,2027-03-29,8:00 pm ET,MIL,DAL,Fiserv Forum,Milwaukee,WI,2027-03-29,1900-01-01T20:00:00Z,2027-03-29T20:00:00Z,2027-03-29T04:00:00Z,1900-01-01T00:00:00Z,2027-03-30T00:00:00Z,1,8:00 pm ET,,,,False
0022601095,2027-03-29,9:30 pm ET,SAS,PHX,Frost Bank Center,San Antonio,TX,2027-03-29,1900-01-01T21:30:00Z,2027-03-29T21:30:00Z,2027-03-29T04:00:00Z,1900-01-01T01:30:00Z,2027-03-30T01:30:00Z,1,9:30 pm ET,,,,False
0022601096,2027-03-29,10:00 pm ET,SAC,DEN,Golden 1 Center,Sacramento,CA,2027-03-29,1900-01-01T22:00:00Z,2027-03-29T22:00:00Z,2027-03-29T04:00:00Z,1900-01-01T02:00:00Z,2027-03-30T02:00:00Z,1,10:00 pm ET,,,,False
0022601097,2027-03-30,7:00 pm ET,CHA,MIA,Spectrum Center,Charlotte,NC,2027-03-30,1900-01-01T19:00:00Z,2027-03-30T19:00:00Z,2027-03-30T04:00:00Z,1900-01-01T23:00:00Z,2027-03-30T23:00:00Z,1,7:00 pm ET,,,,False
0022601098,2027-03-30,8:00 pm ET,IND,BOS,Gainbridge Fieldhouse,Indianapolis,IN,2027-03-30,1900-01-01T20:00:00Z,2027-03-30T20:00:00Z,2027-03-30T04:00:00Z,1900-01-01T00:00:00Z,2027-03-31T00:00:00Z,1,8:00 pm ET,,,,False
0022601099,2027-03-30,8:00 pm ET,ORL,NYK,Kia Center,Orlando,FL,2027-03-30,1900-01-01T20:00:00Z,2027-03-30T20:00:00Z,2027-03-30T04:00:00Z,1900-01-01T00:00:00Z,2027-03-31T00:00:00Z,1,8:00 pm ET,,,,False
0022601100,2027-03-30,8:00 pm ET,MEM,LAL,FedExForum,Memphis,TN,2027-03-30,1900-01-01T20:00:00Z,2027-03-30T20:00:00Z,2027-03-30T04:00:00Z,1900-01-01T00:00:00Z,2027-03-31T00:00:00Z,1,8:00 pm ET,,,,False
0022601101,2027-03-30,9:00 pm ET,UTA,OKC,Delta Center,Salt Lake City,UT,2027-03-30,1900-01-01T21:00:00Z,2027-03-30T21:00:00Z,2027-03-30T04:00:00Z,1900-01-01T01:00:00Z,2027-03-31T01:00:00Z,1,9:00 pm ET,,,,False
0022601102,2027-03-30,11:00 pm ET,POR,HOU,Moda Center,Portland,OR,2027-03-30,1900-01-01T23:00:00Z,2027-03-30T23:00:00Z,2027-03-30T04:00:00Z,1900-01-01T03:00:00Z,2027-03-31T03:00:00Z,1,11:00 pm ET,,,,False
0022601103,2027-03-31,7:00 pm ET,ATL,LAC,State Farm Arena,Atlanta,GA,2027-03-31,1900-01-01T19:00:00Z,2027-03-31T19:00:00Z,2027-03-31T04:00:00Z,1900-01-01T23:00:00Z,2027-03-31T23:00:00Z,1,7:00 pm ET,,,,False
0022601104,2027-03-31,7:00 pm ET,DET,TOR,Little Caesars Arena,Detroit,MI,2027-03-31,1900-01-01T19:00:00Z,2027-03-31T19:00:00Z,2027-03-31T04:00:00Z,1900-01-01T23:00:00Z,2027-03-31T23:00:00Z,1,7:00 pm ET,,,,False
0022601105,2027-03-31,7:00 pm ET,PHI,GSW,Xfinity Mobile Arena,Philadelphia,PA,2027-03-31,1900-01-01T19:00:00Z,2027-03-31T19:00:00Z,2027-03-31T04:00:00Z,1900-01-01T23:00:00Z,2027-03-31T23:00:00Z,1,7:00 pm ET,,,,False
0022601106,2027-03-31,7:00 pm ET,WAS,CHI,Capital One Arena,Washington,DC,2027-03-31,1900-01-01T19:00:00Z,2027-03-31T19:00:00Z,2027-03-31T04:00:00Z,1900-01-01T23:00:00Z,2027-03-31T23:00:00Z,1,7:00 pm ET,,,,False
0022601107,2027-03-31,7:30 pm ET,BKN,CLE,Barclays Center,Brooklyn,NY,2027-03-31,1900-01-01T19:30:00Z,2027-03-31T19:30:00Z,2027-03-31T04:00:00Z,1900-01-01T23:30:00Z,2027-03-31T23:30:00Z,1,7:30 pm ET,,,,False
0022601108,2027-03-31,8:00 pm ET,MIL,NOP,Fiserv Forum,Milwaukee,WI,2027-03-31,1900-01-01T20:00:00Z,2027-03-31T20:00:00Z,2027-03-31T04:00:00Z,1900-01-01T00:00:00Z,2027-04-01T00:00:00Z,1,8:00 pm ET,,,,False
0022601109,2027-03-31,8:00 pm ET,MIN,SAC,Target Center,Minneapolis,MN,2027-03-31,1900-01-01T20:00:00Z,2027-03-31T20:00:00Z,2027-03-31T04:00:00Z,1900-01-01T00:00:00Z,2027-04-01T00:00:00Z,1,8:00 pm ET,,,,False
0022601110,2027-03-31,8:00 pm ET,SAS,PHX,Frost Bank Center,San Antonio,TX,2027-03-31,1900-01-01T20:00:00Z,2027-03-31T20:00:00Z,2027-03-31T04:00:00Z,1900-01-01T00:00:00Z,2027-04-01T00:00:00Z,1,8:00 pm ET,,,,False
0022601111,2027-03-31,9:30 pm ET,DAL,DEN,American Airlines Center,Dallas,TX,2027-03-31,1900-01-01T21:30:00Z,2027-03-31T21:30:00Z,2027-03-31T04:00:00Z,1900-01-01T01:30:00Z,2027-04-01T01:30:00Z,1,9:30 pm ET,,,,False
0022601112,2027-03-31,10:00 pm ET,POR,HOU,Moda Center,Portland,OR,2027-03-31,1900-01-01T22:00:00Z,2027-03-31T22:00:00Z,2027-03-31T04:00:00Z,1900-01-01T02:00:00Z,2027-04-01T02:00:00Z,1,10:00 pm ET,,,,False
0022601113,2027-04-01,7:00 pm ET,CLE,BOS,Rocket Arena,Cleveland,OH,2027-04-01,1900-01-01T19:00:00Z,2027-04-01T19:00:00Z,2027-04-01T04:00:00Z,1900-01-01T23:00:00Z,2027-04-01T23:00:00Z,1,7:00 pm ET,,,,False
0022601114,2027-04-01,7:00 pm ET,IND,ORL,Gainbridge Fieldhouse,Indianapolis,IN,2027-04-01,1900-01-01T19:00:00Z,2027-04-01T19:00:00Z,2027-04-01T04:00:00Z,1900-01-01T23:00:00Z,2027-04-01T23:00:00Z,1,7:00 pm ET,,,,False
0022601115,2027-04-01,7:30 pm ET,NYK,CHA,Madison Square Garden,New York,NY,2027-04-01,1900-01-01T19:30:00Z,2027-04-01T19:30:00Z,2027-04-01T04:00:00Z,1900-01-01T23:30:00Z,2027-04-01T23:30:00Z,1,7:30 pm ET,,,,False
0022601116,2027-04-01,9:30 pm ET,OKC,LAL,Paycom Center,Oklahoma City,OK,2027-04-01,1900-01-01T21:30:00Z,2027-04-01T21:30:00Z,2027-04-01T04:00:00Z,1900-01-01T01:30:00Z,2027-04-02T01:30:00Z,1,9:30 pm ET,,,,False
0022601117,2027-04-02,7:00 pm ET,WAS,PHI,Capital One Arena,Washington,DC,2027-04-02,1900-01-01T19:00:00Z,2027-04-02T19:00:00Z,2027-04-02T04:00:00Z,1900-01-01T23:00:00Z,2027-04-02T23:00:00Z,1,7:00 pm ET,,,,False
0022601118,2027-04-02,7:30 pm ET,BOS,MIA,TD Garden,Boston,MA,2027-04-02,1900-01-01T19:30:00Z,2027-04-02T19:30:00Z,2027-04-02T04:00:00Z,1900-01-01T23:30:00Z,2027-04-02T23:30:00Z,1,7:30 pm ET,,,,False
0022601119,2027-04-02,7:30 pm ET,BKN,NYK,Barclays Center,Brooklyn,NY,2027-04-02,1900-01-01T19:30:00Z,2027-04-02T19:30:00Z,2027-04-02T04:00:00Z,1900-01-01T23:30:00Z,2027-04-02T23:30:00Z,1,7:30 pm ET,,,,False
0022601120,2027-04-02,7:30 pm ET,MIN,GSW,Target Center,Minneapolis,MN,2027-04-02,1900-01-01T19:30:00Z,2027-04-02T19:30:00Z,2027-04-02T04:00:00Z,1900-01-01T23:30:00Z,2027-04-02T23:30:00Z,1,7:30 pm ET,,,,False
0022601121,2027-04-02,8:00 pm ET,CHI,DET,United Center,Chicago,IL,2027-04-02,1900-01-01T20:00:00Z,2027-04-02T20:00:00Z,2027-04-02T04:00:00Z,1900-01-01T00:00:00Z,2027-04-03T00:00:00Z,1,8:00 pm ET,,,,False
0022601122,2027-04-02,8:00 pm ET,DAL,SAC,American Airlines Center,Dallas,TX,2027-04-02,1900-01-01T20:00:00Z,2027-04-02T20:00:00Z,2027-04-02T04:00:00Z,1900-01-01T00:00:00Z,2027-04-03T00:00:00Z,1,8:00 pm ET,,,,False
0022601123,2027-04-02,8:00 pm ET,MIL,CHA,Fiserv Forum,Milwaukee,WI,2027-04-02,1900-01-01T20:00:00Z,2027-04-02T20:00:00Z,2027-04-02T04:00:00Z,1900-01-01T00:00:00Z,2027-04-03T00:00:00Z,1,8:00 pm ET,,,,False
0022601124,2027-04-02,8:30 pm ET,TOR,ATL,Scotiabank Arena,Toronto,ON,2027-04-02,1900-01-01T20:30:00Z,2027-04-02T20:30:00Z,2027-04-02T04:00:00Z,1900-01-01T00:30:00Z,2027-04-03T00:30:00Z,1,8:30 pm ET,,,,False
0022601125,2027-04-02,8:30 pm ET,HOU,MEM,Toyota Center,Houston,TX,2027-04-02,1900-01-01T20:30:00Z,2027-04-02T20:30:00Z,2027-04-02T04:00:00Z,1900-01-01T00:30:00Z,2027-04-03T00:30:00Z,1,8:30 pm ET,,,,False
0022601126,2027-04-02,10:00 pm ET,PHX,DEN,Mortgage Matchup Center,Phoenix,AZ,2027-04-02,1900-01-01T22:00:00Z,2027-04-02T22:00:00Z,2027-04-02T04:00:00Z,1900-01-01T02:00:00Z,2027-04-03T02:00:00Z,1,10:00 pm ET,,,,False
0022601127,2027-04-02,10:00 pm ET,POR,UTA,Moda Center,Portland,OR,2027-04-02,1900-01-01T22:00:00Z,2027-04-02T22:00:00Z,2027-04-02T04:00:00Z,1900-01-01T02:00:00Z,2027-04-03T02:00:00Z,1,10:00 pm ET,,,,False
0022601128,2027-04-02,10:30 pm ET,LAC,SAS,Intuit Dome,Inglewood,CA,2027-04-02,1900-01-01T22:30:00Z,2027-04-02T22:30:00Z,2027-04-02T04:00:00Z,1900-01-01T02:30:00Z,2027-04-03T02:30:00Z,1,10:30 pm ET,,,,False
0022601129,2027-04-03,5:00 pm ET,OKC,NOP,Paycom Center,Oklahoma City,OK,2027-04-03,1900-01-01T17:00:00Z,2027-04-03T17:00:00Z,2027-04-03T04:00:00Z,1900-01-01T21:00:00Z,2027-04-03T21:00:00Z,1,5:00 pm ET,,,,False
0022601130,2027-04-03,7:00 pm ET,ORL,WAS,Kia Center,Orlando,FL,2027-04-03,1900-01-01T19:00:00Z,2027-04-03T19:00:00Z,2027-04-03T04:00:00Z,1900-01-01T23:00:00Z,2027-04-03T23:00:00Z,1,7:00 pm ET,,,,False
0022601131,2027-04-04,1:00 pm ET,PHI,ATL,Xfinity Mobile Arena,Philadelphia,PA,2027-04-04,1900-01-01T13:00:00Z,2027-04-04T13:00:00Z,2027-04-04T04:00:00Z,1900-01-01T17:00:00Z,2027-04-04T17:00:00Z,1,1:00 pm ET,,,,False
0022601132,2027-04-04,2:00 pm ET,MIL,BKN,Fiserv Forum,Milwaukee,WI,2027-04-04,1900-01-01T14:00:00Z,2027-04-04T14:00:00Z,2027-04-04T04:00:00Z,1900-01-01T18:00:00Z,2027-04-04T18:00:00Z,1,2:00 pm ET,,,,False
0022601133,2027-04-04,3:00 pm ET,CLE,CHA,Rocket Arena,Cleveland,OH,2027-04-04,1900-01-01T15:00:00Z,2027-04-04T15:00:00Z,2027-04-04T04:00:00Z,1900-01-01T19:00:00Z,2027-04-04T19:00:00Z,1,3:00 pm ET,,,,False
0022601134,2027-04-04,3:00 pm ET,DET,MIA,Little Caesars Arena,Detroit,MI,2027-04-04,1900-01-01T15:00:00Z,2027-04-04T15:00:00Z,2027-04-04T04:00:00Z,1900-01-01T19:00:00Z,2027-04-04T19:00:00Z,1,3:00 pm ET,,,,False
0022601135,2027-04-04,3:00 pm ET,DAL,MIN,American Airlines Center,Dallas,TX,2027-04-04,1900-01-01T15:00:00Z,2027-04-04T15:00:00Z,2027-04-04T04:00:00Z,1900-01-01T19:00:00Z,2027-04-04T19:00:00Z,1,3:00 pm ET,,,,False
0022601136,2027-04-04,3:30 pm ET,TOR,IND,Scotiabank Arena,Toronto,ON,2027-04-04,1900-01-01T15:30:00Z,2027-04-04T15:30:00Z,2027-04-04T04:00:00Z,1900-01-01T19:30:00Z,2027-04-04T19:30:00Z,1,3:30 pm ET,,,,False
0022601137,2027-04-04,4:00 pm ET,HOU,CHI,Toyota Center,Houston,TX,2027-04-04,1900-01-01T16:00:00Z,2027-04-04T16:00:00Z,2027-04-04T04:00:00Z,1900-01-01T20:00:00Z,2027-04-04T20:00:00Z,1,4:00 pm ET,,,,False
0022601138,2027-04-04,4:30 pm ET,LAC,PHX,Intuit Dome,Inglewood,CA,2027-04-04,1900-01-01T16:30:00Z,2027-04-04T16:30:00Z,2027-04-04T04:00:00Z,1900-01-01T20:30:00Z,2027-04-04T20:30:00Z,1,4:30 pm ET,,,,False
0022601139,2027-04-04,5:00 pm ET,DEN,MEM,Ball Arena,Denver,CO,2027-04-04,1900-01-01T17:00:00Z,2027-04-04T17:00:00Z,2027-04-04T04:00:00Z,1900-01-01T21:00:00Z,2027-04-04T21:00:00Z,1,5:00 pm ET,,,,False
0022601140,2027-04-04,5:00 pm ET,UTA,POR,Delta Center,Salt Lake City,UT,2027-04-04,1900-01-01T17:00:00Z,2027-04-04T17:00:00Z,2027-04-04T04:00:00Z,1900-01-01T21:00:00Z,2027-04-04T21:00:00Z,1,5:00 pm ET,,,,False
0022601141,2027-04-04,6:00 pm ET,SAC,GSW,Golden 1 Center,Sacramento,CA,2027-04-04,1900-01-01T18:00:00Z,2027-04-04T18:00:00Z,2027-04-04T04:00:00Z,1900-01-01T22:00:00Z,2027-04-04T22:00:00Z,1,6:00 pm ET,,,,False
0022601142,2027-04-04,7:30 pm ET,NYK,BOS,Madison Square Garden,New York,NY,2027-04-04,1900-01-01T19:30:00Z,2027-04-04T19:30:00Z,2027-04-04T04:00:00Z,1900-01-01T23:30:00Z,2027-04-04T23:30:00Z,1,7:30 pm ET,,,,False
0022601143,2027-04-04,10:00 pm ET,LAL,SAS,Crypto.com Arena,Los Angeles,CA,2027-04-04,1900-01-01T22:00:00Z,2027-04-04T22:00:00Z,2027-04-04T04:00:00Z,1900-01-01T02:00:00Z,2027-04-05T02:00:00Z,1,10:00 pm ET,,,,False
0022601144,2027-04-05,7:00 pm ET,CLE,BKN,Rocket Arena,Cleveland,OH,2027-04-05,1900-01-01T19:00:00Z,2027-04-05T19:00:00Z,2027-04-05T04:00:00Z,1900-01-01T23:00:00Z,2027-04-05T23:00:00Z,1,7:00 pm ET,,,,False
0022601145,2027-04-05,7:00 pm ET,ORL,MIA,Kia Center,Orlando,FL,2027-04-05,1900-01-01T19:00:00Z,2027-04-05T19:00:00Z,2027-04-05T04:00:00Z,1900-01-01T23:00:00Z,2027-04-05T23:00:00Z,1,7:00 pm ET,,,,False
0022601146,2027-04-05,8:00 pm ET,NOP,WAS,Smoothie King Center,New Orleans,LA,2027-04-05,1900-01-01T20:00:00Z,2027-04-05T20:00:00Z,2027-04-05T04:00:00Z,1900-01-01T00:00:00Z,2027-04-06T00:00:00Z,1,8:00 pm ET,,,,False
0022601147,2027-04-06,7:00 pm ET,CHA,IND,Spectrum Center,Charlotte,NC,2027-04-06,1900-01-01T19:00:00Z,2027-04-06T19:00:00Z,2027-04-06T04:00:00Z,1900-01-01T23:00:00Z,2027-04-06T23:00:00Z,1,7:00 pm ET,,,,False
0022601148,2027-04-06,7:30 pm ET,TOR,PHI,Scotiabank Arena,Toronto,ON,2027-04-06,1900-01-01T19:30:00Z,2027-04-06T19:30:00Z,2027-04-06T04:00:00Z,1900-01-01T23:30:00Z,2027-04-06T23:30:00Z,1,7:30 pm ET,,,,False
0022601149,2027-04-06,8:00 pm ET,ATL,NYK,State Farm Arena,Atlanta,GA,2027-04-06,1900-01-01T20:00:00Z,2027-04-06T20:00:00Z,2027-04-06T04:00:00Z,1900-01-01T00:00:00Z,2027-04-07T00:00:00Z,1,8:00 pm ET,,,,False
0022601150,2027-04-06,8:00 pm ET,MEM,DET,FedExForum,Memphis,TN,2027-04-06,1900-01-01T20:00:00Z,2027-04-06T20:00:00Z,2027-04-06T04:00:00Z,1900-01-01T00:00:00Z,2027-04-07T00:00:00Z,1,8:00 pm ET,,,,False
0022601151,2027-04-06,8:00 pm ET,MIL,CHI,Fiserv Forum,Milwaukee,WI,2027-04-06,1900-01-01T20:00:00Z,2027-04-06T20:00:00Z,2027-04-06T04:00:00Z,1900-01-01T00:00:00Z,2027-04-07T00:00:00Z,1,8:00 pm ET,,,,False
0022601152,2027-04-06,8:00 pm ET,SAS,SAC,Frost Bank Center,San Antonio,TX,2027-04-06,1900-01-01T20:00:00Z,2027-04-06T20:00:00Z,2027-04-06T04:00:00Z,1900-01-01T00:00:00Z,2027-04-07T00:00:00Z,1,8:00 pm ET,,,,False
0022601153,2027-04-06,9:00 pm ET,DEN,NOP,Ball Arena,Denver,CO,2027-04-06,1900-01-01T21:00:00Z,2027-04-06T21:00:00Z,2027-04-06T04:00:00Z,1900-01-01T01:00:00Z,2027-04-07T01:00:00Z,1,9:00 pm ET,,,,False
0022601154,2027-04-06,9:00 pm ET,UTA,OKC,Delta Center,Salt Lake City,UT,2027-04-06,1900-01-01T21:00:00Z,2027-04-06T21:00:00Z,2027-04-06T04:00:00Z,1900-01-01T01:00:00Z,2027-04-07T01:00:00Z,1,9:00 pm ET,,,,False
0022601155,2027-04-06,10:00 pm ET,LAL,DAL,Crypto.com Arena,Los Angeles,CA,2027-04-06,1900-01-01T22:00:00Z,2027-04-06T22:00:00Z,2027-04-06T04:00:00Z,1900-01-01T02:00:00Z,2027-04-07T02:00:00Z,1,10:00 pm ET,,,,False
0022601156,2027-04-06,10:30 pm ET,LAC,MIN,Intuit Dome,Inglewood,CA,2027-04-06,1900-01-01T22:30:00Z,2027-04-06T22:30:00Z,2027-04-06T04:00:00Z,1900-01-01T02:30:00Z,2027-04-07T02:30:00Z,1,10:30 pm ET,,,,False
0022601157,2027-04-06,11:00 pm ET,GSW,PHX,Chase Center,San Francisco,CA,2027-04-06,1900-01-01T23:00:00Z,2027-04-06T23:00:00Z,2027-04-06T04:00:00Z,1900-01-01T03:00:00Z,2027-04-07T03:00:00Z,1,11:00 pm ET,,,,False
0022601158,2027-04-07,7:00 pm ET,DET,IND,Little Caesars Arena,Detroit,MI,2027-04-07,1900-01-01T19:00:00Z,2027-04-07T19:00:00Z,2027-04-07T04:00:00Z,1900-01-01T23:00:00Z,2027-04-07T23:00:00Z,1,7:00 pm ET,,,,False
0022601159,2027-04-07,7:00 pm ET,ORL,BOS,Kia Center,Orlando,FL,2027-04-07,1900-01-01T19:00:00Z,2027-04-07T19:00:00Z,2027-04-07T04:00:00Z,1900-01-01T23:00:00Z,2027-04-07T23:00:00Z,1,7:00 pm ET,,,,False
0022601160,2027-04-07,7:30 pm ET,TOR,BKN,Scotiabank Arena,Toronto,ON,2027-04-07,1900-01-01T19:30:00Z,2027-04-07T19:30:00Z,2027-04-07T04:00:00Z,1900-01-01T23:30:00Z,2027-04-07T23:30:00Z,1,7:30 pm ET,,,,False
0022601161,2027-04-07,7:30 pm ET,SAS,CLE,Frost Bank Center,San Antonio,TX,2027-04-07,1900-01-01T19:30:00Z,2027-04-07T19:30:00Z,2027-04-07T04:00:00Z,1900-01-01T23:30:00Z,2027-04-07T23:30:00Z,1,7:30 pm ET,,,,False
0022601162,2027-04-07,8:00 pm ET,CHI,CHA,United Center,Chicago,IL,2027-04-07,1900-01-01T20:00:00Z,2027-04-07T20:00:00Z,2027-04-07T04:00:00Z,1900-01-01T00:00:00Z,2027-04-08T00:00:00Z,1,8:00 pm ET,,,,False
0022601163,2027-04-07,8:00 pm ET,MEM,WAS,FedExForum,Memphis,TN,2027-04-07,1900-01-01T20:00:00Z,2027-04-07T20:00:00Z,2027-04-07T04:00:00Z,1900-01-01T00:00:00Z,2027-04-08T00:00:00Z,1,8:00 pm ET,,,,False
0022601164,2027-04-07,8:30 pm ET,HOU,SAC,Toyota Center,Houston,TX,2027-04-07,1900-01-01T20:30:00Z,2027-04-07T20:30:00Z,2027-04-07T04:00:00Z,1900-01-01T00:30:00Z,2027-04-08T00:30:00Z,1,8:30 pm ET,,,,False
0022601165,2027-04-07,10:00 pm ET,LAL,MIN,Crypto.com Arena,Los Angeles,CA,2027-04-07,1900-01-01T22:00:00Z,2027-04-07T22:00:00Z,2027-04-07T04:00:00Z,1900-01-01T02:00:00Z,2027-04-08T02:00:00Z,1,10:00 pm ET,,,,False
0022601166,2027-04-07,10:00 pm ET,POR,DAL,Moda Center,Portland,OR,2027-04-07,1900-01-01T22:00:00Z,2027-04-07T22:00:00Z,2027-04-07T04:00:00Z,1900-01-01T02:00:00Z,2027-04-08T02:00:00Z,1,10:00 pm ET,,,,False
0022601167,2027-04-08,7:00 pm ET,MIA,PHI,Kaseya Center,Miami,FL,2027-04-08,1900-01-01T19:00:00Z,2027-04-08T19:00:00Z,2027-04-08T04:00:00Z,1900-01-01T23:00:00Z,2027-04-08T23:00:00Z,1,7:00 pm ET,,,,False
0022601168,2027-04-08,8:00 pm ET,MIL,NYK,Fiserv Forum,Milwaukee,WI,2027-04-08,1900-01-01T20:00:00Z,2027-04-08T20:00:00Z,2027-04-08T04:00:00Z,1900-01-01T00:00:00Z,2027-04-09T00:00:00Z,1,8:00 pm ET,,,,False
0022601169,2027-04-08,9:00 pm ET,DEN,LAC,Ball Arena,Denver,CO,2027-04-08,1900-01-01T21:00:00Z,2027-04-08T21:00:00Z,2027-04-08T04:00:00Z,1900-01-01T01:00:00Z,2027-04-09T01:00:00Z,1,9:00 pm ET,,,,False
0022601170,2027-04-08,9:00 pm ET,UTA,NOP,Delta Center,Salt Lake City,UT,2027-04-08,1900-01-01T21:00:00Z,2027-04-08T21:00:00Z,2027-04-08T04:00:00Z,1900-01-01T01:00:00Z,2027-04-09T01:00:00Z,1,9:00 pm ET,,,,False
0022601171,2027-04-08,9:30 pm ET,OKC,GSW,Paycom Center,Oklahoma City,OK,2027-04-08,1900-01-01T21:30:00Z,2027-04-08T21:30:00Z,2027-04-08T04:00:00Z,1900-01-01T01:30:00Z,2027-04-09T01:30:00Z,1,9:30 pm ET,,,,False
0022601172,2027-04-09,7:00 pm ET,ATL,BOS,State Farm Arena,Atlanta,GA,2027-04-09,1900-01-01T19:00:00Z,2027-04-09T19:00:00Z,2027-04-09T04:00:00Z,1900-01-01T23:00:00Z,2027-04-09T23:00:00Z,1,7:00 pm ET,,,,False
0022601173,2027-04-09,7:00 pm ET,CHA,BKN,Spectrum Center,Charlotte,NC,2027-04-09,1900-01-01T19:00:00Z,2027-04-09T19:00:00Z,2027-04-09T04:00:00Z,1900-01-01T23:00:00Z,2027-04-09T23:00:00Z,1,7:00 pm ET,,,,False
0022601174,2027-04-09,7:00 pm ET,IND,CLE,Gainbridge Fieldhouse,Indianapolis,IN,2027-04-09,1900-01-01T19:00:00Z,2027-04-09T19:00:00Z,2027-04-09T04:00:00Z,1900-01-01T23:00:00Z,2027-04-09T23:00:00Z,1,7:00 pm ET,,,,False
0022601175,2027-04-09,7:00 pm ET,NYK,DET,Madison Square Garden,New York,NY,2027-04-09,1900-01-01T19:00:00Z,2027-04-09T19:00:00Z,2027-04-09T04:00:00Z,1900-01-01T23:00:00Z,2027-04-09T23:00:00Z,1,7:00 pm ET,,,,False
0022601176,2027-04-09,7:00 pm ET,ORL,TOR,Kia Center,Orlando,FL,2027-04-09,1900-01-01T19:00:00Z,2027-04-09T19:00:00Z,2027-04-09T04:00:00Z,1900-01-01T23:00:00Z,2027-04-09T23:00:00Z,1,7:00 pm ET,,,,False
0022601177,2027-04-09,8:00 pm ET,MIA,WAS,Kaseya Center,Miami,FL,2027-04-09,1900-01-01T20:00:00Z,2027-04-09T20:00:00Z,2027-04-09T04:00:00Z,1900-01-01T00:00:00Z,2027-04-10T00:00:00Z,1,8:00 pm ET,,,,False
0022601178,2027-04-09,8:00 pm ET,CHI,MIL,United Center,Chicago,IL,2027-04-09,1900-01-01T20:00:00Z,2027-04-09T20:00:00Z,2027-04-09T04:00:00Z,1900-01-01T00:00:00Z,2027-04-10T00:00:00Z,1,8:00 pm ET,,,,False
0022601179,2027-04-09,8:00 pm ET,OKC,GSW,Paycom Center,Oklahoma City,OK,2027-04-09,1900-01-01T20:00:00Z,2027-04-09T20:00:00Z,2027-04-09T04:00:00Z,1900-01-01T00:00:00Z,2027-04-10T00:00:00Z,1,8:00 pm ET,,,,False
0022601180,2027-04-09,8:30 pm ET,HOU,POR,Toyota Center,Houston,TX,2027-04-09,1900-01-01T20:30:00Z,2027-04-09T20:30:00Z,2027-04-09T04:00:00Z,1900-01-01T00:30:00Z,2027-04-10T00:30:00Z,1,8:30 pm ET,,,,False
0022601181,2027-04-09,9:30 pm ET,SAS,DEN,Frost Bank Center,San Antonio,TX,2027-04-09,1900-01-01T21:30:00Z,2027-04-09T21:30:00Z,2027-04-09T04:00:00Z,1900-01-01T01:30:00Z,2027-04-10T01:30:00Z,1,9:30 pm ET,,,,False
0022601182,2027-04-09,9:30 pm ET,UTA,LAC,Delta Center,Salt Lake City,UT,2027-04-09,1900-01-01T21:30:00Z,2027-04-09T21:30:00Z,2027-04-09T04:00:00Z,1900-01-01T01:30:00Z,2027-04-10T01:30:00Z,1,9:30 pm ET,,,,False
0022601183,2027-04-09,10:00 pm ET,LAL,MIN,Crypto.com Arena,Los Angeles,CA,2027-04-09,1900-01-01T22:00:00Z,2027-04-09T22:00:00Z,2027-04-09T04:00:00Z,1900-01-01T02:00:00Z,2027-04-10T02:00:00Z,1,10:00 pm ET,,,,False
0022601184,2027-04-09,10:00 pm ET,PHX,MEM,Mortgage Matchup Center,Phoenix,AZ,2027-04-09,1900-01-01T22:00:00Z,2027-04-09T22:00:00Z,2027-04-09T04:00:00Z,1900-01-01T02:00:00Z,2027-04-10T02:00:00Z,1,10:00 pm ET,,,,False
0022601185,2027-04-09,10:00 pm ET,SAC,DAL,Golden 1 Center,Sacramento,CA,2027-04-09,1900-01-01T22:00:00Z,2027-04-09T22:00:00Z,2027-04-09T04:00:00Z,1900-01-01T02:00:00Z,2027-04-10T02:00:00Z,1,10:00 pm ET,,,,False
0022601186,2027-04-11,6:00 pm ET,BOS,MIL,TD Garden,Boston,MA,2027-04-11,1900-01-01T18:00:00Z,2027-04-11T18:00:00Z,2027-04-11T04:00:00Z,1900-01-01T22:00:00Z,2027-04-11T22:00:00Z,1,6:00 pm ET,,,,False
0022601187,2027-04-11,6:00 pm ET,BKN,TOR,Barclays Center,Brooklyn,NY,2027-04-11,1900-01-01T18:00:00Z,2027-04-11T18:00:00Z,2027-04-11T04:00:00Z,1900-01-01T22:00:00Z,2027-04-11T22:00:00Z,1,6:00 pm ET,,,,False
0022601188,2027-04-11,6:00 pm ET,CLE,ATL,Rocket Arena,Cleveland,OH,2027-04-11,1900-01-01T18:00:00Z,2027-04-11T18:00:00Z,2027-04-11T04:00:00Z,1900-01-01T22:00:00Z,2027-04-11T22:00:00Z,1,6:00 pm ET,,,,False
0022601189,2027-04-11,6:00 pm ET,MIA,ORL,Kaseya Center,Miami,FL,2027-04-11,1900-01-01T18:00:00Z,2027-04-11T18:00:00Z,2027-04-11T04:00:00Z,1900-01-01T22:00:00Z,2027-04-11T22:00:00Z,1,6:00 pm ET,,,,False
0022601190,2027-04-11,6:00 pm ET,NYK,IND,Madison Square Garden,New York,NY,2027-04-11,1900-01-01T18:00:00Z,2027-04-11T18:00:00Z,2027-04-11T04:00:00Z,1900-01-01T22:00:00Z,2027-04-11T22:00:00Z,1,6:00 pm ET,,,,False
0022601191,2027-04-11,6:00 pm ET,PHI,CHA,Xfinity Mobile Arena,Philadelphia,PA,2027-04-11,1900-01-01T18:00:00Z,2027-04-11T18:00:00Z,2027-04-11T04:00:00Z,1900-01-01T22:00:00Z,2027-04-11T22:00:00Z,1,6:00 pm ET,,,,False
0022601192,2027-04-11,6:00 pm ET,WAS,DET,Capital One Arena,Washington,DC,2027-04-11,1900-01-01T18:00:00Z,2027-04-11T18:00:00Z,2027-04-11T04:00:00Z,1900-01-01T22:00:00Z,2027-04-11T22:00:00Z,1,6:00 pm ET,,,,False
0022601193,2027-04-11,6:00 pm ET,NOP,CHI,Smoothie King Center,New Orleans,LA,2027-04-11,1900-01-01T18:00:00Z,2027-04-11T18:00:00Z,2027-04-11T04:00:00Z,1900-01-01T22:00:00Z,2027-04-11T22:00:00Z,1,6:00 pm ET,,,,False
0022601194,2027-04-11,8:30 pm ET,DAL,MEM,American Airlines Center,Dallas,TX,2027-04-11,1900-01-01T20:30:00Z,2027-04-11T20:30:00Z,2027-04-11T04:00:00Z,1900-01-01T00:30:00Z,2027-04-12T00:30:00Z,1,8:30 pm ET,,,,False
0022601195,2027-04-11,8:30 pm ET,MIN,HOU,Target Center,Minneapolis,MN,2027-04-11,1900-01-01T20:30:00Z,2027-04-11T20:30:00Z,2027-04-11T04:00:00Z,1900-01-01T00:30:00Z,2027-04-12T00:30:00Z,1,8:30 pm ET,,,,False
0022601196,2027-04-11,8:30 pm ET,SAS,POR,Frost Bank Center,San Antonio,TX,2027-04-11,1900-01-01T20:30:00Z,2027-04-11T20:30:00Z,2027-04-11T04:00:00Z,1900-01-01T00:30:00Z,2027-04-12T00:30:00Z,1,8:30 pm ET,,,,False
0022601197,2027-04-11,8:30 pm ET,DEN,OKC,Ball Arena,Denver,CO,2027-04-11,1900-01-01T20:30:00Z,2027-04-11T20:30:00Z,2027-04-11T04:00:00Z,1900-01-01T00:30:00Z,2027-04-12T00:30:00Z,1,8:30 pm ET,,,,False
0022601198,2027-04-11,8:30 pm ET,GSW,UTA,Chase Center,San Francisco,CA,2027-04-11,1900-01-01T20:30:00Z,2027-04-11T20:30:00Z,2027-04-11T04:00:00Z,1900-01-01T00:30:00Z,2027-04-12T00:30:00Z,1,8:30 pm ET,,,,False
0022601199,2027-04-11,8:30 pm ET,LAC,SAC,Intuit Dome,Inglewood,CA,2027-04-11,1900-01-01T20:30:00Z,2027-04-11T20:30:00Z,2027-04-11T04:00:00Z,1900-01-01T00:30:00Z,2027-04-12T00:30:00Z,1,8:30 pm ET,,,,False
0022601200,2027-04-11,8:30 pm ET,LAL,PHX,Crypto.com Arena,Los Angeles,CA,2027-04-11,1900-01-01T20:30:00Z,2027-04-11T20:30:00Z,2027-04-11T04:00:00Z,1900-01-01T00:30:00Z,2027-04-12T00:30:00Z,1,8:30 pm ET,,,,False
